$MeshFormat
2.2 0 8
$EndMeshFormat
$PhysicalNames
5
1 11 "bottom"
1 12 "right"
1 13 "top"
1 14 "left"
2 1 "puck"
$EndPhysicalNames
$Nodes
1749
1 0 0 0
2 2 0 0
3 2 0.5 0
4 0 0.5 0
5 0.01197604790419162 0 0
6 0.02395209580838325 0 0
7 0.03592814371257487 0 0
8 0.0479041916167665 0 0
9 0.05988023952095813 0 0
10 0.07185628742514975 0 0
11 0.08383233532934138 0 0
12 0.09580838323353301 0 0
13 0.1077844311377246 0 0
14 0.1197604790419163 0 0
15 0.1317365269461079 0 0
16 0.1437125748502995 0 0
17 0.1556886227544911 0 0
18 0.1676646706586827 0 0
19 0.1796407185628743 0 0
20 0.191616766467066 0 0
21 0.2035928143712576 0 0
22 0.2155688622754492 0 0
23 0.2275449101796409 0 0
24 0.2395209580838325 0 0
25 0.2514970059880241 0 0
26 0.2634730538922158 0 0
27 0.2754491017964074 0 0
28 0.287425149700599 0 0
29 0.2994011976047906 0 0
30 0.3113772455089823 0 0
31 0.323353293413174 0 0
32 0.3353293413173656 0 0
33 0.3473053892215572 0 0
34 0.3592814371257488 0 0
35 0.3712574850299405 0 0
36 0.3832335329341321 0 0
37 0.3952095808383237 0 0
38 0.4071856287425153 0 0
39 0.4191616766467069 0 0
40 0.4311377245508985 0 0
41 0.4431137724550901 0 0
42 0.4550898203592818 0 0
43 0.4670658682634733 0 0
44 0.4790419161676649 0 0
45 0.4910179640718565 0 0
46 0.5029940119760481 0 0
47 0.5149700598802398 0 0
48 0.5269461077844314 0 0
49 0.5389221556886229 0 0
50 0.5508982035928146 0 0
51 0.5628742514970062 0 0
52 0.5748502994011978 0 0
53 0.5868263473053893 0 0
54 0.5988023952095809 0 0
55 0.6107784431137726 0 0
56 0.6227544910179642 0 0
57 0.6347305389221558 0 0
58 0.6467065868263474 0 0
59 0.658682634730539 0 0
60 0.6706586826347306 0 0
61 0.6826347305389222 0 0
62 0.6946107784431137 0 0
63 0.7065868263473054 0 0
64 0.718562874251497 0 0
65 0.7305389221556886 0 0
66 0.7425149700598802 0 0
67 0.7544910179640718 0 0
68 0.7664670658682634 0 0
69 0.778443113772455 0 0
70 0.7904191616766466 0 0
71 0.8023952095808382 0 0
72 0.8143712574850299 0 0
73 0.8263473053892217 0 0
74 0.8383233532934133 0 0
75 0.8502994011976051 0 0
76 0.8622754491017967 0 0
77 0.8742514970059883 0 0
78 0.88622754491018 0 0
79 0.8982035928143716 0 0
80 0.9101796407185634 0 0
81 0.9221556886227551 0 0
82 0.9341317365269467 0 0
83 0.9461077844311384 0 0
84 0.95808383233533 0 0
85 0.9700598802395216 0 0
86 0.9820359281437133 0 0
87 0.9940119760479049 0 0
88 1.005988023952097 0 0
89 1.017964071856288 0 0
90 1.02994011976048 0 0
91 1.041916167664672 0 0
92 1.053892215568863 0 0
93 1.065868263473055 0 0
94 1.077844311377247 0 0
95 1.089820359281438 0 0
96 1.10179640718563 0 0
97 1.113772455089822 0 0
98 1.125748502994013 0 0
99 1.137724550898205 0 0
100 1.149700598802397 0 0
101 1.161676646706588 0 0
102 1.17365269461078 0 0
103 1.185628742514972 0 0
104 1.197604790419163 0 0
105 1.209580838323355 0 0
106 1.221556886227547 0 0
107 1.233532934131738 0 0
108 1.24550898203593 0 0
109 1.257485029940122 0 0
110 1.269461077844313 0 0
111 1.281437125748505 0 0
112 1.293413173652697 0 0
113 1.305389221556889 0 0
114 1.31736526946108 0 0
115 1.329341317365272 0 0
116 1.341317365269463 0 0
117 1.353293413173655 0 0
118 1.365269461077847 0 0
119 1.377245508982038 0 0
120 1.38922155688623 0 0
121 1.401197604790422 0 0
122 1.413173652694613 0 0
123 1.425149700598805 0 0
124 1.437125748502997 0 0
125 1.449101796407188 0 0
126 1.46107784431138 0 0
127 1.473053892215572 0 0
128 1.485029940119764 0 0
129 1.497005988023955 0 0
130 1.508982035928147 0 0
131 1.520958083832338 0 0
132 1.53293413173653 0 0
133 1.544910179640722 0 0
134 1.556886227544913 0 0
135 1.568862275449105 0 0
136 1.580838323353296 0 0
137 1.592814371257488 0 0
138 1.604790419161679 0 0
139 1.616766467065871 0 0
140 1.628742514970062 0 0
141 1.640718562874254 0 0
142 1.652694610778445 0 0
143 1.664670658682637 0 0
144 1.676646706586828 0 0
145 1.68862275449102 0 0
146 1.700598802395212 0 0
147 1.712574850299403 0 0
148 1.724550898203595 0 0
149 1.736526946107786 0 0
150 1.748502994011978 0 0
151 1.760479041916169 0 0
152 1.772455089820361 0 0
153 1.784431137724552 0 0
154 1.796407185628744 0 0
155 1.808383233532936 0 0
156 1.820359281437127 0 0
157 1.832335329341318 0 0
158 1.84431137724551 0 0
159 1.856287425149701 0 0
160 1.868263473053893 0 0
161 1.880239520958084 0 0
162 1.892215568862276 0 0
163 1.904191616766468 0 0
164 1.916167664670659 0 0
165 1.928143712574851 0 0
166 1.940119760479042 0 0
167 1.952095808383234 0 0
168 1.964071856287425 0 0
169 1.976047904191617 0 0
170 1.988023952095808 0 0
171 2 0.01190476190476191 0
172 2 0.02380952380952383 0
173 2 0.03571428571428573 0
174 2 0.04761904761904764 0
175 2 0.05952380952380956 0
176 2 0.07142857142857148 0
177 2 0.0833333333333334 0
178 2 0.09523809523809533 0
179 2 0.1071428571428572 0
180 2 0.1190476190476191 0
181 2 0.130952380952381 0
182 2 0.1428571428571429 0
183 2 0.1547619047619048 0
184 2 0.1666666666666667 0
185 2 0.1785714285714286 0
186 2 0.1904761904761905 0
187 2 0.2023809523809524 0
188 2 0.2142857142857144 0
189 2 0.2261904761904763 0
190 2 0.2380952380952382 0
191 2 0.2500000000000002 0
192 2 0.2619047619047621 0
193 2 0.2738095238095241 0
194 2 0.2857142857142861 0
195 2 0.297619047619048 0
196 2 0.30952380952381 0
197 2 0.321428571428572 0
198 2 0.3333333333333339 0
199 2 0.3452380952380958 0
200 2 0.3571428571428578 0
201 2 0.3690476190476197 0
202 2 0.3809523809523817 0
203 2 0.3928571428571435 0
204 2 0.4047619047619054 0
205 2 0.4166666666666672 0
206 2 0.428571428571429 0
207 2 0.4404761904761909 0
208 2 0.4523809523809527 0
209 2 0.4642857142857145 0
210 2 0.4761904761904763 0
211 2 0.4880952380952381 0
212 1.988023952095808 0.5 0
213 1.976047904191617 0.5 0
214 1.964071856287425 0.5 0
215 1.952095808383234 0.5 0
216 1.940119760479042 0.5 0
217 1.92814371257485 0.5 0
218 1.916167664670659 0.5 0
219 1.904191616766467 0.5 0
220 1.892215568862275 0.5 0
221 1.880239520958084 0.5 0
222 1.868263473053892 0.5 0
223 1.856287425149701 0.5 0
224 1.844311377245509 0.5 0
225 1.832335329341317 0.5 0
226 1.820359281437126 0.5 0
227 1.808383233532934 0.5 0
228 1.796407185628742 0.5 0
229 1.784431137724551 0.5 0
230 1.772455089820359 0.5 0
231 1.760479041916168 0.5 0
232 1.748502994011976 0.5 0
233 1.736526946107784 0.5 0
234 1.724550898203593 0.5 0
235 1.712574850299401 0.5 0
236 1.700598802395209 0.5 0
237 1.688622754491018 0.5 0
238 1.676646706586826 0.5 0
239 1.664670658682634 0.5 0
240 1.652694610778443 0.5 0
241 1.640718562874251 0.5 0
242 1.628742514970059 0.5 0
243 1.616766467065868 0.5 0
244 1.604790419161676 0.5 0
245 1.592814371257485 0.5 0
246 1.580838323353293 0.5 0
247 1.568862275449102 0.5 0
248 1.55688622754491 0.5 0
249 1.544910179640718 0.5 0
250 1.532934131736527 0.5 0
251 1.520958083832335 0.5 0
252 1.508982035928143 0.5 0
253 1.497005988023952 0.5 0
254 1.48502994011976 0.5 0
255 1.473053892215569 0.5 0
256 1.461077844311377 0.5 0
257 1.449101796407185 0.5 0
258 1.437125748502994 0.5 0
259 1.425149700598802 0.5 0
260 1.413173652694611 0.5 0
261 1.401197604790419 0.5 0
262 1.389221556886227 0.5 0
263 1.377245508982036 0.5 0
264 1.365269461077844 0.5 0
265 1.353293413173652 0.5 0
266 1.341317365269461 0.5 0
267 1.32934131736527 0.5 0
268 1.317365269461078 0.5 0
269 1.305389221556886 0.5 0
270 1.293413173652695 0.5 0
271 1.281437125748503 0.5 0
272 1.269461077844311 0.5 0
273 1.25748502994012 0.5 0
274 1.245508982035928 0.5 0
275 1.233532934131737 0.5 0
276 1.221556886227545 0.5 0
277 1.209580838323353 0.5 0
278 1.197604790419162 0.5 0
279 1.18562874251497 0.5 0
280 1.173652694610778 0.5 0
281 1.161676646706587 0.5 0
282 1.149700598802395 0.5 0
283 1.137724550898203 0.5 0
284 1.125748502994012 0.5 0
285 1.11377245508982 0.5 0
286 1.101796407185629 0.5 0
287 1.089820359281437 0.5 0
288 1.077844311377245 0.5 0
289 1.065868263473053 0.5 0
290 1.053892215568862 0.5 0
291 1.04191616766467 0.5 0
292 1.029940119760478 0.5 0
293 1.017964071856287 0.5 0
294 1.005988023952095 0.5 0
295 0.9940119760479034 0.5 0
296 0.9820359281437117 0.5 0
297 0.9700598802395199 0.5 0
298 0.9580838323353282 0.5 0
299 0.9461077844311367 0.5 0
300 0.934131736526945 0.5 0
301 0.9221556886227533 0.5 0
302 0.9101796407185616 0.5 0
303 0.8982035928143699 0.5 0
304 0.8862275449101782 0.5 0
305 0.8742514970059867 0.5 0
306 0.862275449101795 0.5 0
307 0.8502994011976033 0.5 0
308 0.8383233532934116 0.5 0
309 0.8263473053892201 0.5 0
310 0.8143712574850284 0.5 0
311 0.8023952095808367 0.5 0
312 0.7904191616766449 0.5 0
313 0.7784431137724532 0.5 0
314 0.7664670658682615 0.5 0
315 0.75449101796407 0.5 0
316 0.7425149700598783 0.5 0
317 0.7305389221556866 0.5 0
318 0.7185628742514951 0.5 0
319 0.7065868263473032 0.5 0
320 0.6946107784431115 0.5 0
321 0.68263473053892 0.5 0
322 0.6706586826347283 0.5 0
323 0.6586826347305366 0.5 0
324 0.6467065868263451 0.5 0
325 0.6347305389221534 0.5 0
326 0.6227544910179617 0.5 0
327 0.6107784431137699 0.5 0
328 0.5988023952095782 0.5 0
329 0.5868263473053865 0.5 0
330 0.574850299401195 0.5 0
331 0.5628742514970033 0.5 0
332 0.5508982035928116 0.5 0
333 0.5389221556886199 0.5 0
334 0.5269461077844284 0.5 0
335 0.5149700598802365 0.5 0
336 0.502994011976045 0.5 0
337 0.4910179640718533 0.5 0
338 0.4790419161676616 0.5 0
339 0.4670658682634701 0.5 0
340 0.4550898203592784 0.5 0
341 0.4431137724550869 0.5 0
342 0.4311377245508952 0.5 0
343 0.4191616766467039 0.5 0
344 0.4071856287425122 0.5 0
345 0.3952095808383209 0.5 0
346 0.3832335329341292 0.5 0
347 0.3712574850299379 0.5 0
348 0.3592814371257462 0.5 0
349 0.3473053892215545 0.5 0
350 0.335329341317363 0.5 0
351 0.3233532934131715 0.5 0
352 0.31137724550898 0.5 0
353 0.2994011976047883 0.5 0
354 0.2874251497005971 0.5 0
355 0.2754491017964054 0.5 0
356 0.2634730538922136 0.5 0
357 0.2514970059880224 0.5 0
358 0.2395209580838307 0.5 0
359 0.2275449101796394 0.5 0
360 0.2155688622754477 0.5 0
361 0.2035928143712562 0.5 0
362 0.1916167664670645 0.5 0
363 0.179640718562873 0.5 0
364 0.1676646706586815 0.5 0
365 0.1556886227544898 0.5 0
366 0.1437125748502985 0.5 0
367 0.1317365269461068 0.5 0
368 0.1197604790419156 0.5 0
369 0.1077844311377238 0.5 0
370 0.09580838323353236 0.5 0
371 0.08383233532934087 0.5 0
372 0.07185628742514916 0.5 0
373 0.05988023952095767 0.5 0
374 0.04790419161676596 0.5 0
375 0.03592814371257469 0.5 0
376 0.02395209580838298 0.5 0
377 0.01197604790419171 0.5 0
378 0 0.4880952380952381 0
379 0 0.4761904761904762 0
380 0 0.4642857142857142 0
381 0 0.4523809523809523 0
382 0 0.4404761904761905 0
383 0 0.4285714285714285 0
384 0 0.4166666666666666 0
385 0 0.4047619047619047 0
386 0 0.3928571428571428 0
387 0 0.3809523809523809 0
388 0 0.369047619047619 0
389 0 0.3571428571428571 0
390 0 0.3452380952380952 0
391 0 0.3333333333333334 0
392 0 0.3214285714285714 0
393 0 0.3095238095238095 0
394 0 0.2976190476190476 0
395 0 0.2857142857142856 0
396 0 0.2738095238095237 0
397 0 0.2619047619047618 0
398 0 0.2499999999999998 0
399 0 0.2380952380952379 0
400 0 0.2261904761904759 0
401 0 0.2142857142857139 0
402 0 0.202380952380952 0
403 0 0.19047619047619 0
404 0 0.178571428571428 0
405 0 0.1666666666666661 0
406 0 0.1547619047619042 0
407 0 0.1428571428571422 0
408 0 0.1309523809523803 0
409 0 0.1190476190476183 0
410 0 0.1071428571428565 0
411 0 0.09523809523809462 0
412 0 0.08333333333333282 0
413 0 0.07142857142857095 0
414 0 0.05952380952380909 0
415 0 0.04761904761904734 0
416 0 0.03571428571428553 0
417 0 0.02380952380952367 0
418 0 0.01190476190476186 0
419 1.5748502994012 0.01037156172196901 0
420 1.706586826347307 0.01037156172196901 0
421 0.2939057357713295 0.48838144594269 0
422 0.3764950519096015 0.4877167509898295 0
423 0.532934131736527 0.01037156172196921 0
424 0.6899207837486331 0.4897474856173271 0
425 1.059773494238861 0.4887976951203602 0
426 1.239520958083832 0.4896284382780308 0
427 1.311377245508982 0.4896284382780308 0
428 1.419814021664352 0.4881693255036706 0
429 1.491017964071856 0.4896284382780308 0
430 0.4486737524427258 0.489458897583244 0
431 0.7604790419161658 0.4889911846991227 0
432 0.8323353293413158 0.4896284382780308 0
433 0.9520819751209334 0.4875719998815823 0
434 1.131723080943427 0.487695243535157 0
435 0.6047904191616768 0.01037156172196932 0
436 1.754805030936624 0.490152915674342 0
437 0.2455089820359283 0.01037156172196932 0
438 0.8922155688622757 0.01037156172196932 0
439 1.371257485029942 0.0103715617219694 0
440 1.000000000000001 0.01037156172196935 0
441 1.192358033721486 0.01322199852166003 0
442 0.7968401666748413 0.01268238567388938 0
443 0.3293413173652697 0.01037156172196932 0
444 0.4096093527231256 0.01079136302976336 0
445 0.7245508982035929 0.01037156172196932 0
446 1.443113772455093 0.0103715617219694 0
447 1.778443113772457 0.01037156172196912 0
448 0.2215568862275443 0.489627246939539 0
449 1.096476368729218 0.01294335323052603 0
450 1.263473053892218 0.01037156172196932 0
451 0.01030982623552912 0.2559523809523808 0
452 1.987635851093911 0.2551437041037793 0
453 1.826319119531598 0.4893330180613871 0
454 1.989318696986164 0.3166591229228358 0
455 0.1736526946107786 0.01037156172196932 0
456 1.989690173764471 0.1964285714285714 0
457 0.1628742514970042 0.4908584943146337 0
458 0.8933051767150613 0.4880355557444793 0
459 0.5082930837938284 0.4876589331032356 0
460 1.551539744757552 0.4881765294682563 0
461 1.611976047904192 0.4904571807537548 0
462 1.67065868263473 0.4896284382780307 0
463 0.568947663394525 0.4903134510904153 0
464 0.629940119760477 0.491412248165321 0
465 0.01030982623552901 0.3154761904761905 0
466 1.837600306045563 0.01284820333638689 0
467 1.989504975374311 0.3750602319330412 0
468 1.874237970788294 0.4896223463296253 0
469 0.115063089752978 0.4869668186381894 0
470 1.890815296053644 0.0129940618925227 0
471 0.1143602775031429 0.01069818116517984 0
472 1.987715330831878 0.1469189170681572 0
473 0.01030982623552901 0.3749999999999999 0
474 1.370059880239521 0.4916268083914762 0
475 1.000229329554335 0.4872245504549381 0
476 1.192063341532212 0.4906334840823311 0
477 1.514970059880243 0.01037156172196932 0
478 1.64670658682635 0.01037156172196932 0
479 0.4693877551020411 0.01536943613694286 0
480 0.6652028835342254 0.01143935866676934 0
481 0.01030982623552912 0.196428571428571 0
482 1.922150475326107 0.4896246458339237 0
483 0.01030982623552901 0.1369047619047612 0
484 0.01030982623552901 0.4226190476190476 0
485 1.989690173764471 0.4226190476190481 0
486 0.06586826347305319 0.01037156172196935 0
487 1.933247276972993 0.01191936802130275 0
488 1.790211658092622 0.4873624100853603 0
489 0.9401197604790426 0.01037156172196932 0
490 1.311377245508984 0.01037156172196921 0
491 1.047904191616768 0.01037156172196921 0
492 0.8443113772455092 0.01037156172196932 0
493 1.14309083923586 0.01305681976762424 0
494 1.989690173764471 0.1130952380952382 0
495 1.989861875221277 0.07739682699857714 0
496 0.79564117879705 0.4877233218711768 0
497 0.2574850299401181 0.489628438278031 0
498 0.3293413173652672 0.4896284382780308 0
499 1.707208455513499 0.4908647662405664 0
500 0.07845552119914934 0.487465034457915 0
501 0.7238492556503116 0.4903496422831864 0
502 1.274755950586382 0.4881176744301977 0
503 1.455089820359281 0.4896284382780308 0
504 1.097005988023952 0.4910623431852432 0
505 0.4131736526946079 0.489628438278031 0
506 0.0118668738966986 0.08966533041788088 0
507 0.04156537440790831 0.4905063210241348 0
508 1.958087574662893 0.4896228213193194 0
509 1.742514970059882 0.01037156172196901 0
510 1.722842368345147 0.04383708895864954 0
511 1.610778443113775 0.01037156172196901 0
512 1.592814371257488 0.04501257787334656 0
513 1.227544910179643 0.01037156172196932 0
514 1.246527577380153 0.05059479204794132 0
515 0.3640474153733353 0.01426618898083126 0
516 0.3473053892215571 0.04501257787334689 0
517 0.2814371257485033 0.01037156172196932 0
518 1.407185628742518 0.01037156172196932 0
519 1.420786936960522 0.04727979321732384 0
520 0.568862275449102 0.01037156172196926 0
521 0.5878212044572767 0.04533423418631677 0
522 0.2095808383233532 0.01037156172196935 0
523 0.2231278440035845 0.04291871110799741 0
524 0.7604790419161676 0.01037156172196932 0
525 0.772607637275508 0.04851011837394287 0
526 1.98916655862408 0.4584271242882779 0
527 1.850281718903414 0.4896213502387983 0
528 1.898194222669789 0.4896233591346576 0
529 1.988654517575414 0.3975245223836419 0
530 1.988809257288715 0.3527163891617642 0
531 1.479041916167668 0.01037156172196921 0
532 1.969978890958782 0.01006997996714246 0
533 0.02994011976048039 0.01037156172196932 0
534 0.01409389524672622 0.4605184474552734 0
535 1.987599036154444 0.2795650130748416 0
536 1.985755768813646 0.2314502581571465 0
537 1.987223020519143 0.1730790815136543 0
538 1.987409143098294 0.05328533377905387 0
539 0.1976047904191611 0.4890178463261191 0
540 0.1367300088306761 0.4878768467876047 0
541 0.8557366635037398 0.4907708625233215 0
542 1.730538922155689 0.4890341400730506 0
543 1.395209580838324 0.4896284382780307 0
544 0.915734072434405 0.4863855383959694 0
545 1.646706586826347 0.4892659836801197 0
546 1.58562874251497 0.4910548345738007 0
547 0.4730538922155658 0.489036448156562 0
548 1.527185626263614 0.4903615272482327 0
549 0.5346583379482632 0.4901518896195155 0
550 1.155688622754491 0.4896284382780307 0
551 0.5916167664670631 0.4910635891091876 0
552 1.215568862275449 0.48903037849279 0
553 1.346851991092506 0.4884302347968442 0
554 0.6520785871391817 0.4900465186599637 0
555 1.035928143712574 0.4896284382780307 0
556 0.3543566864135829 0.4883515045998484 0
557 0.9766726684313793 0.4908716641331119 0
558 1.498000845175842 0.04533423418631674 0
559 0.0103098262355289 0.05357142857142827 0
560 1.915965635185684 0.02109304877654106 0
561 1.886139162207696 0.04263180081643828 0
562 1.924130315763205 0.0541911230015554 0
563 1.897488971786841 0.08133656724960586 0
564 1.860880500500877 0.07271904947186544 0
565 1.871517929551359 0.1105714472340937 0
566 1.833083449534556 0.1013483493544996 0
567 1.843972928300123 0.1394401345992006 0
568 1.805115810321452 0.1299225869703128 0
569 1.816173836741801 0.1685349009254442 0
570 1.777243769375761 0.1586663445866291 0
571 1.788322194829149 0.1973078819436088 0
572 1.749379906583584 0.1873857580446374 0
573 1.76030423728068 0.2258703074149734 0
574 1.721476529282534 0.2160542151731995 0
575 1.732579432125041 0.2547051480674529 0
576 1.693642560147463 0.2447808085470782 0
577 1.772097732243363 0.2646258156013354 0
578 1.704743466991738 0.2834308150225605 0
579 1.665788068336974 0.2734882798017554 0
580 1.676412714711966 0.313152299901155 0
581 1.637549518122884 0.3035407760577605 0
582 1.62691354051698 0.2639067370644215 0
583 1.598993158211494 0.2928019803990513 0
584 1.588158770597755 0.2539665437687987 0
585 1.560251005309869 0.2828340948902397 0
586 1.549378309564014 0.2441592261650244 0
587 1.521514886424252 0.2728531618641902 0
588 1.53216524802878 0.3112921936239357 0
589 1.493328937147527 0.301233957879567 0
590 1.482684183500455 0.2629843468598448 0
591 1.45481238671235 0.2916680329922491 0
592 1.444547682426827 0.2538177351224223 0
593 1.416179913531033 0.2820245562050339 0
594 1.405171085486425 0.2434561542657938 0
595 1.376700672688439 0.2703282405930333 0
596 1.388141603578839 0.310344872823553 0
597 1.349401472106712 0.3002051272194442 0
598 1.337362074952796 0.2602414645036745 0
599 1.310531385975567 0.2903126529207744 0
600 1.299091094270938 0.2522309540775126 0
601 1.271743252181636 0.2811021285001532 0
602 1.260821611586937 0.2427171651138296 0
603 1.233043351505464 0.2714600222530107 0
604 1.222136416430391 0.2330031285622668 0
605 1.194288870936827 0.2617126111034679 0
606 1.204987389669008 0.3050011023373663 0
607 1.16643653555752 0.2904222555543085 0
608 1.155513356323131 0.2519401156247901 0
609 1.127650757586709 0.2806398550114721 0
610 1.116729509629196 0.2421595789381125 0
611 1.088865522212735 0.2708579781234612 0
612 1.077944364688028 0.232377789325906 0
613 1.050080160897027 0.2610759796903332 0
614 1.061245409109002 0.2985886699644839 0
615 1.022785773571729 0.2875147631544755 0
616 1.011389714451581 0.2509173608038124 0
617 0.9831399788402693 0.2808482969657511 0
618 0.9724767096589132 0.2415917926081797 0
619 0.9441898809897312 0.2716615705519331 0
620 0.9336425612885288 0.2319850228235127 0
621 0.9057701902593257 0.2607123831591964 0
622 0.9156726887737444 0.3004884542448878 0
623 0.8777851850451021 0.2891794400733697 0
624 0.8670242247235749 0.2507021400162888 0
625 0.8391665508334774 0.2793622547922657 0
626 0.8482298403161082 0.3173306429922644 0
627 0.8111438939901509 0.3079075201723105 0
628 0.8003836023025238 0.2695425058189911 0
629 0.7725197645798926 0.2982343696232402 0
630 0.7616354788182476 0.2597778555190701 0
631 0.7337674245009533 0.2884733487986499 0
632 0.7228535583765655 0.2499977288993081 0
633 0.6949880831509997 0.2786951035414994 0
634 0.7059090724110126 0.3171751985029095 0
635 0.6671246091873476 0.3073937354630337 0
636 0.6562035803543591 0.2689136156401676 0
637 0.6283394835874466 0.2976118562897406 0
638 0.6174183443584187 0.259131667111305 0
639 0.5895541253916229 0.2878298309896229 0
640 0.5786329473966079 0.2493496174567166 0
641 0.5507687016021671 0.2780477644807468 0
642 0.53984751267488 0.2395675440797141 0
643 0.5119832605871196 0.2682656871500086 0
644 0.5229044537034335 0.3067459101827693 0
645 0.4840693779550618 0.297160609763736 0
646 0.4731895435911966 0.2585164037564617 0
647 0.4452742812344959 0.2874167917785476 0
648 0.4344011100419315 0.2487461661769143 0
649 0.4065363581495818 0.2774462818801181 0
650 0.4176098652435589 0.3171382219680116 0
651 0.3786838605415086 0.3060978099342377 0
652 0.3677607083452465 0.2676253560708398 0
653 0.3398980870770523 0.2963170237357552 0
654 0.3289768398705978 0.2578370167197882 0
655 0.3011128488240179 0.2865341154610749 0
656 0.2901916908194671 0.2480537547657416 0
657 0.262327486343473 0.2767516997398624 0
658 0.2514063076343371 0.2382714211367734 0
659 0.2732486873950823 0.3152318897565939 0
660 0.2344632559482509 0.3054497474819287 0
661 0.9956674329930894 0.3212458518756163 0
662 1.13765713946293 0.318231846954246 0
663 1.285551698154557 0.3196277449768094 0
664 0.6004773559712148 0.3263026721526974 0
665 1.465798917937548 0.3301986809310843 0
666 1.608586168811279 0.3327823558767531 0
667 0.3506556788194358 0.3351039209719304 0
668 0.4950778642075194 0.3357188252683494 0
669 0.7834813908276879 0.3367402555645986 0
670 1.854944105013673 0.1781349381468634 0
671 1.360363770031396 0.3393326606774975 0
672 1.105808624680207 0.2036796532006792 0
673 0.9615691275846256 0.2030874935431417 0
674 0.2453844526799887 0.3439299546266511 0
675 0.2065990090187979 0.3341478607810758 0
676 0.6780460208283052 0.3458740957824327 0
677 1.286905545890555 0.2145401568600113 0
678 0.6064972039770693 0.2206514772089313 0
679 0.2792705640957787 0.2095732700439573 0
680 0.2404851327153621 0.1997911275059618 0
681 0.750717224750985 0.2212992613694735 0
682 1.715592745261593 0.3222287971798109 0
683 1.687688991130276 0.3522794193180144 0
684 1.726386466304782 0.3607047542647077 0
685 1.682696131929973 0.2062768711611519 0
686 0.1956778167795536 0.2956676358239264 0
687 0.4622733677561344 0.2200162905843408 0
688 0.3568410849158192 0.2291389108914922 0
689 0.9227859491404982 0.193301399811052 0
690 1.472634369478908 0.2250234833818543 0
691 1.577250646519336 0.2154286433851881 0
692 0.1678135639506322 0.3243657725140545 0
693 0.1787347569434206 0.3628459944834542 0
694 0.1568923714768923 0.2858855484866639 0
695 0.950660966695457 0.164569357983341 0
696 0.9118776917821826 0.1547809581687908 0
697 0.2683493853032186 0.1710929917716405 0
698 1.698949942866063 0.3894215519345208 0
699 0.2295639407393788 0.1613109015050049 0
700 1.739410190034953 0.4033792718532854 0
701 1.765486427782044 0.3709590491132951 0
702 0.1399493103888487 0.3530639121099317 0
703 0.1500875134816246 0.3892213593749673 0
704 0.188502857450039 0.4049692485161379 0
705 0.2016996870112665 0.1900090417603607 0
706 0.1907784944315394 0.1515288181532075 0
707 0.1629142404127606 0.1802269595610361 0
708 0.1519930476839652 0.1417467365449287 0
709 0.7119322676413616 0.2115174517899573 0
710 0.7397965054317915 0.182819300946098 0
711 0.7010111547725797 0.1730372732564256 0
712 1.067023256211623 0.1938976478643802 0
713 1.095244912257925 0.1655465229751266 0
714 1.133732511140251 0.1750394106296786 0
715 1.056102063433449 0.1554174250440538 0
716 0.7785819496055381 0.1926013804627072 0
717 1.123178672086717 0.1369158672012918 0
718 1.161618288266125 0.1463621663750803 0
719 1.778107512007751 0.4079326875630886 0
720 1.804343415265034 0.376200812719567 0
721 1.909752220150872 0.1199742921872312 0
722 0.9393815527522755 0.1275136015254724 0
723 0.9003016483495891 0.1188997189895627 0
724 1.738301697322138 0.1494016018065541 0
725 0.1241287935918973 0.1704448782433438 0
726 0.1132076008260423 0.1319646553741746 0
727 1.811321156665811 0.418293965087135 0
728 1.842732194111958 0.3895392683456902 0
729 0.72887540488168 0.1443391292397292 0
730 0.6900899752679047 0.1345570577924398 0
731 0.8729856210118974 0.1454242848156948 0
732 0.1120850564960036 0.3817620530184471 0
733 0.862477648518555 0.108588163013068 0
734 1.151687659067363 0.1088437241173482 0
735 1.190056262368558 0.1159373488231507 0
736 0.1016515492169935 0.3437553451057045 0
737 0.2574281949896784 0.1326127591792109 0
738 0.296213641906737 0.1423948401154968 0
739 0.1436443383330519 0.1017136872444861 0
740 0.1250660685839762 0.4198430605821792 0
741 1.111619864206679 0.09957683490436198 0
742 0.1022864080601616 0.09348443250510852 0
743 0.2858320920912581 0.1057769302635244 0
744 0.7179673481059925 0.1054820245360427 0
745 0.6791687872638714 0.09607683761800231 0
746 0.6519732840601915 0.1243605565345805 0
747 0.7567418630354561 0.1155781819456388 0
748 1.707434281129546 0.4270035588905758 0
749 1.671975121487487 0.4173471903510054 0
750 0.01756064528667434 0.4903130015780439 0
751 1.981589691377314 0.4898947491769452 0
752 1.534151827383421 0.04333282201512967 0
753 1.517782584281329 0.07892243810242747 0
754 0.6257517995944895 0.04665946268442145 0
755 1.684816891817912 0.04363936778128566 0
756 0.322672452598799 0.1144314918770199 0
757 1.79756368527402 0.08991179259804963 0
758 1.789836498176474 0.3442418555261963 0
759 0.13504998637416 0.2089251010474583 0
760 0.09604587685556965 0.1987231748511311 0
761 0.1081737139626711 0.237262523188886 0
762 1.538482823089092 0.20565194598266 0
763 1.566975154503252 0.177554961864139 0
764 1.527468595380236 0.1679920400304269 0
765 1.605226042686032 0.1868165720481408 0
766 1.594962611844462 0.1489713580910856 0
767 1.633129354821073 0.1581518648670259 0
768 1.622214671239984 0.1196772146147676 0
769 1.660584390585764 0.1306037601030229 0
770 0.4234887570185445 0.210230894501071 0
771 0.4513544844276103 0.1815269112294626 0
772 0.4125694224411103 0.171743304115733 0
773 0.4404339862578348 0.1430439343925425 0
774 0.479219484769297 0.1528258107625963 0
775 0.4689832685244973 0.1150100471058817 0
776 0.5068773949787959 0.1243288866811315 0
777 0.4320447759793826 0.1062294199198348 0
778 1.399149216926171 0.3491147417021354 0
779 1.371699175978831 0.3782150607917035 0
780 1.410070409704344 0.3875949645224618 0
781 1.386275365369074 0.4204543752712254 0
782 1.345558326377986 0.4078690320075688 0
783 1.42495076004223 0.4244386035285999 0
784 1.448510603018489 0.3966924446559177 0
785 1.458889553249687 0.4356448845740061 0
786 1.484656995846728 0.4060020231559367 0
787 0.3347648486489563 0.152299385074868 0
788 1.200445303874189 0.155803987388718 0
789 1.228779163449951 0.1252146437928159 0
790 0.5338287794441605 0.3452850724604296 0
791 0.5060637579484072 0.3740250901577306 0
792 0.5447468408987828 0.3837063568531141 0
793 0.5165190441130284 0.4120517569778809 0
794 0.478701818775808 0.4027238286409552 0
795 0.5579917077045924 0.4255412094543857 0
796 0.5835348064788379 0.3940416519893949 0
797 0.5971480054369784 0.4294483403567092 0
798 0.6232709356075972 0.4033973193102247 0
799 0.8343426446484941 0.1356248592443378 0
800 0.8452251068286006 0.173758236543877 0
801 0.7168158869409138 0.3557372321904387 0
802 0.6897847164954748 0.3851358142747435 0
803 0.7277528825944849 0.394136539155976 0
804 0.7021593105358088 0.4224885052744343 0
805 0.7401852286938629 0.4329159110550687 0
806 0.7650717471760441 0.4033186066004597 0
807 0.9784694831724509 0.1360966584528126 0
808 0.9611759004522966 0.09368030220867604 0
809 1.00150156499465 0.1076739575080151 0
810 0.5179706739865171 0.1626409008519777 0
811 0.5451738653965886 0.1353663839086078 0
812 0.2841568888353097 0.3537792063165053 0
813 0.2570288499839414 0.3831030106950416 0
814 0.2950910981917054 0.3921922353213054 0
815 0.2681209369610843 0.4264217142224801 0
816 0.3075909255396748 0.4322993107711371 0
817 0.3328376709489875 0.401793766538491 0
818 0.4956010921998024 0.08582735382733286 0
819 0.7760960891626462 0.4382659287413377 0
820 0.8006168949413323 0.4115583227474391 0
821 0.0900208772303851 0.01219996383963717 0
822 1.819686446278542 0.03086993001435706 0
823 1.119760479041918 0.01037156172196921 0
824 1.335329341317367 0.01037156172196932 0
825 1.320426104638537 0.04660264266645353 0
826 1.027669011220287 0.02467679882505655 0
827 0.4970059880239527 0.01037156172196926 0
828 0.7062972389398989 0.03110414281635696 0
829 0.8228410872271839 0.01361330505384106 0
830 0.4371257485029942 0.01037156172196926 0
831 0.1566458148455392 0.03052011021508866 0
832 0.9198845800825621 0.02467679882505647 0
833 0.3091061369687895 0.02467679882505663 0
834 0.9702129273995975 0.01487204182832147 0
835 0.8669400987956736 0.01204080246898873 0
836 0.3887541140833987 0.01071173072933279 0
837 1.071967428291972 0.02405521389620685 0
838 1.167664670658684 0.01037156172196921 0
839 1.285205237560351 0.01207283187495503 0
840 1.862275449101796 0.01037156172196901 0
841 0.02891654860965365 0.1550935741416326 0
842 0.01269986449712679 0.1155521137026232 0
843 0.03012376205220502 0.3348112857371527 0
844 0.0457159516234289 0.3055129804651647 0
845 0.0237138324379792 0.3974940996803425 0
846 0.04194105532778614 0.4253420141694045 0
847 0.01030982623552912 0.2321428571428569 0
848 0.3435030231234408 0.4375563936426251 0
849 0.3723637779288435 0.4112043249480236 0
850 0.6296908583394569 0.4380801592418389 0
851 1.989807056272953 0.02989218329359578 0
852 1.478910301258241 0.08077408355683841 0
853 1.494617056499947 0.4434139821781986 0
854 1.521657947758507 0.4200600910385787 0
855 0.01389428795350656 0.2849237214378003 0
856 0.4884066517827695 0.4401799410948856 0
857 0.4519995237095875 0.4297062232731786 0
858 0.4410293986565401 0.3941744363207788 0
859 0.8113349521577828 0.442914386215752 0
860 0.8362184415813135 0.4184669706392748 0
861 1.580798256595404 0.1137110896795278 0
862 1.054975767279266 0.04849864375430962 0
863 0.8275129810447601 0.3831299193572943 0
864 0.8636522910334981 0.3947762586119412 0
865 0.8716468972992446 0.4325991127590789 0
866 0.9013945685780878 0.4073432123095341 0
867 0.8932057416351888 0.3682800147610559 0
868 0.9303094234950642 0.381669862756171 0
869 0.9389360630967968 0.4198390123065262 0
870 0.9673783853665251 0.3947488016331048 0
871 0.9736856273109434 0.4365563256881588 0
872 1.003058860225896 0.4089622525451121 0
873 1.009212580280882 0.4430502967657005 0
874 1.03677620404067 0.4190578078217509 0
875 1.031778589026051 0.3827549364882146 0
876 1.067564891839478 0.3981841783069385 0
877 1.069681356101531 0.4354908207050353 0
878 1.10256061149355 0.4131557616211366 0
879 1.704250142562423 0.07841137549897484 0
880 0.3763385954518795 0.4476839480542047 0
881 1.17847766486752 0.07811664514159122 0
882 1.511005750954123 0.3781127406719515 0
883 1.548890104088147 0.3896575538552673 0
884 1.559763128559609 0.4268100416470085 0
885 1.584867226009963 0.4011774971605253 0
886 1.590407484069883 0.4352611875656762 0
887 0.184756625644233 0.2571874064897972 0
888 0.3639629445157462 0.118664273423969 0
889 1.239227254585616 0.1654452274023604 0
890 1.265524968554917 0.1352031569953993 0
891 0.6731468993695054 0.2017354143391351 0
892 0.5566689151888699 0.1726377194212124 0
893 0.5841008056245819 0.1456320392391605 0
894 1.028237809316848 0.1841155668397425 0
895 0.5255570186602061 0.4472807541282169 0
896 0.8233893820647986 0.09672493889622685 0
897 1.108331734923499 0.4499500706119418 0
898 1.139583674383013 0.4312143024959762 0
899 1.131717177195736 0.3842637961036778 0
900 1.167487314061997 0.4050427073755308 0
901 1.174270733937755 0.4401881356470128 0
902 1.20181826125062 0.4218607087972967 0
903 1.199943309336636 0.3835191282488314 0
904 1.233652014046508 0.4029264033529882 0
905 1.229013031125698 0.4379477813115258 0
906 1.262810530264661 0.4240692607132277 0
907 1.359554776503291 0.4399712990842591 0
908 0.6016899070379552 0.08070282102859458 0
909 1.266979941249813 0.3829324863165312 0
910 1.830521108760936 0.3486704449654804 0
911 0.4005408812305663 0.03556581281979151 0
912 1.787690827357943 0.4431227407618207 0
913 1.822689551363888 0.4541497643735135 0
914 1.386403269869556 0.4522644312723545 0
915 0.8906966824216491 0.04889977818482202 0
916 0.07698073446232978 0.1247089635964647 0
917 0.04374893804624091 0.07461195232641801 0
918 1.325626882101219 0.4370117880084965 0
919 1.499241854521173 0.1124617716217917 0
920 1.459380099863372 0.1154256514506024 0
921 0.4550898203592814 0.04501257787334684 0
922 0.5679261426888491 0.08024856198109254 0
923 0.04182338848988276 0.2450947707015474 0
924 1.649945826522378 0.09369433480790929 0
925 1.063442042541862 0.3564758078209683 0
926 1.682207656122029 0.4536183042474269 0
927 1.650985842194336 0.4424650716488385 0
928 0.5591233632244638 0.4565221651458996 0
929 0.2867844896069133 0.4584486303015325 0
930 0.2383789702429236 0.4455182207088781 0
931 0.3116250710588669 0.4611593114104078 0
932 1.486814472275974 0.1520737107532108 0
933 1.441472919932714 0.1512042159658049 0
934 1.419469775338633 0.1169819848856923 0
935 1.400611616482633 0.1521836013824515 0
936 1.379351527543635 0.1181564790612015 0
937 1.360462365635682 0.1534074666572908 0
938 1.332585019454989 0.119656392700463 0
939 1.381519025492123 0.1857601408833369 0
940 1.319818648919554 0.1588217751819641 0
941 0.2798658342942971 0.04348186499097273 0
942 1.202094121378443 0.4568528339417149 0
943 1.570758374438149 0.4548340189624771 0
944 1.539494574842167 0.4542066973394292 0
945 0.996353244775282 0.044929497292682 0
946 1.271723062928131 0.4542215629068769 0
947 1.256333354234633 0.09656888321197954 0
948 0.7118669100612416 0.4555448362455944 0
949 0.6823169297287783 0.4477461253305628 0
950 0.7412611136528529 0.4628301676470473 0
951 1.639080960813127 0.4123310430321961 0
952 1.433423832816972 0.4582361263334572 0
953 1.127026196794162 0.03613834079712983 0
954 0.6614685024348778 0.4176459791874513 0
955 1.353890319523181 0.07612832956743465 0
956 0.9435797959200396 0.4532048785500825 0
957 1.713416636524322 0.4587470771907809 0
958 1.736816342748461 0.4392429243139379 0
959 0.07688028183656648 0.3724472920728332 0
960 0.2499351081553053 0.09763760207416905 0
961 0.9265546789801856 0.06361454600053079 0
962 1.133768442341294 0.4571895284368722 0
963 1.546235341926998 0.01450896366886908 0
964 1.672545356328061 0.01470971139087807 0
965 0.6395015812110494 0.01394092252107448 0
966 1.741275225010781 0.07828066683681228 0
967 1.325618145426617 0.4611557888333826 0
968 0.4100870187313841 0.4261180597977468 0
969 0.4289730218218921 0.4550558864869644 0
970 0.4584508059087818 0.4602984591972389 0
971 0.6064673510389886 0.4561729141233291 0
972 1.470991351999863 0.4603171585422494 0
973 0.9609765559216178 0.3540540449288909 0
974 0.9126567660667155 0.4452508235081223 0
975 1.301171066097583 0.4583909823079908 0
976 0.3800952356892366 0.07616585964564082 0
977 0.8314144464922306 0.03791794370980683 0
978 1.51378745966299 0.4622458850214209 0
979 0.8850217151489829 0.4602375757640731 0
980 0.8562734288089832 0.4599479330520978 0
981 0.121210786047623 0.04618016125393135 0
982 0.05031252167449995 0.1846917286171641 0
983 0.2314003582241486 0.4138415821064286 0
984 0.2108251901721919 0.4425950052604844 0
985 0.1754188667371531 0.4377511084119288 0
986 0.6695689178997749 0.04534634494857384 0
987 1.083229993553656 0.463842921964392 0
988 1.05759969588547 0.4601728432530064 0
989 0.9856958621790609 0.4617512584322117 0
990 0.1861771268637379 0.4599828503193864 0
991 0.1642876916478828 0.4570034834761012 0
992 0.7469245842567815 0.07717708815966162 0
993 1.292200239141632 0.1066932160123759 0
994 1.285048912495884 0.07017191936359374 0
995 0.4004481249463404 0.3846832641158706 0
996 0.3360226661853263 0.4631482362665257 0
997 1.596576610314374 0.4617194700714383 0
998 0.3093372660271081 0.07107613654982617 0
999 1.539179251065725 0.1103172327353224 0
1000 1.577994991350259 0.3616284907525936 0
1001 0.1531886322202325 0.06385173132871788 0
1002 0.5153674536758692 0.04813521297797288 0
1003 0.4818575302519542 0.4655712467235105 0
1004 0.7677280037170349 0.463672846414808 0
1005 1.216419190037406 0.08561852389936614 0
1006 1.618773313948241 0.3792175662713203 0
1007 1.792667705062482 0.04644581527704977 0
1008 0.08057175767398994 0.05059029690166947 0
1009 1.303901831217664 0.401744247263802 0
1010 1.298534885119593 0.3589346602422686 0
1011 1.88030082687764 0.1486468896534957 0
1012 1.896876062552718 0.1842753239695052 0
1013 1.86693685874507 0.2164301612483216 0
1014 1.905971331848771 0.2252781254530067 0
1015 1.878846725366203 0.2539044413110562 0
1016 1.921107855613813 0.2601969733282238 0
1017 1.89350914583412 0.2952542437758952 0
1018 1.852637356260597 0.2832196157860589 0
1019 1.929411751618144 0.3010632798175621 0
1020 1.899243810560614 0.3258107206485291 0
1021 1.931772155327814 0.1994122432139645 0
1022 1.949919154189693 0.2767570718543745 0
1023 1.956050333937758 0.2998876022593682 0
1024 1.940858912595214 0.325147945293161 0
1025 1.939795469333615 0.2286886625384124 0
1026 1.960225398828758 0.2059103017263863 0
1027 1.953134805295135 0.1790116287703844 0
1028 1.930058003454351 0.1685262067333244 0
1029 1.951267254901378 0.1553461489834555 0
1030 1.864212357056971 0.3182530346853918 0
1031 1.877760652988233 0.3423697925959944 0
1032 1.829513301607004 0.3103531441463155 0
1033 1.965743371309715 0.2292083693831828 0
1034 1.812735538413533 0.2747532304839007 0
1035 0.4288066863480159 0.3559519652545433 0
1036 1.096786238476647 0.05591065502116419 0
1037 1.068536675595944 0.08765323980188841 0
1038 0.6505430963938758 0.3754687479269674 0
1039 1.738188653624603 0.464319260016113 0
1040 0.3893675089526631 0.3450920248948176 0
1041 1.648104050865923 0.3448803438486737 0
1042 1.827359272386171 0.2069389916434756 0
1043 0.7071117518938286 0.06511734605185526 0
1044 1.178177714483714 0.4657527618975688 0
1045 1.460634754221259 0.1864670244368063 0
1046 1.225614223547405 0.463755085499356 0
1047 0.01589288457986182 0.02940933354353092 0
1048 1.656028316939674 0.4652076161405697 0
1049 1.63727716136472 0.4598988141517865 0
1050 1.651301769265196 0.05038234895151456 0
1051 0.9639888567136295 0.4697755218430626 0
1052 0.9228478292578011 0.3420861481762657 0
1053 0.9537490611293755 0.3117307277905575 0
1054 0.2108651032847051 0.4672738738545751 0
1055 0.2374075695352017 0.4704852671833069 0
1056 0.08224544352096685 0.4135703426098228 0
1057 0.10036083866279 0.4456828969002302 0
1058 0.1278793356145391 0.4528300724403073 0
1059 1.56297328793802 0.07283319216358164 0
1060 1.2323452666502 0.3652590325399012 0
1061 1.198590024984115 0.3437370306602994 0
1062 1.16825374361395 0.3647394977893083 0
1063 0.4564312352431743 0.3262999640207851 0
1064 0.6306927435881016 0.4618511968552865 0
1065 1.570216150236154 0.3219973983020527 0
1066 1.024785119168344 0.3487895612678019 0
1067 1.799921952002594 0.2358498769204125 0
1068 1.787840982363742 0.3071215963357883 0
1069 1.744486912430629 0.2940488266366878 0
1070 1.765367954447757 0.1134289801297462 0
1071 1.420544780695586 0.1842600583264114 0
1072 0.7548635081414766 0.3648607766495663 0
1073 0.3224627223571152 0.363243327829639 0
1074 1.710543057265735 0.1776673481251714 0
1075 1.699123401432082 0.1411767162644801 0
1076 1.398116175714976 0.08170218935607565 0
1077 1.437534935513269 0.3584508269306279 0
1078 1.343009801806411 0.1888257079106782 0
1079 1.367300548588236 0.2264087194948692 0
1080 1.643927388715718 0.1965117682128051 0
1081 0.5725922216140091 0.3550870743927693 0
1082 1.671696603146812 0.1682248706743181 0
1083 1.65483484515764 0.2350254432600301 0
1084 0.08600369882782821 0.1605371317703367 0
1085 0.2126208765428437 0.2284892774532179 0
1086 0.2235420614821153 0.266969531354251 0
1087 0.3070957917086772 0.1808954852913615 0
1088 0.3739286695591257 0.1611773640779343 0
1089 0.345898692004121 0.1905509418504168 0
1090 1.183372508136974 0.2232378470774587 0
1091 0.6452826018916642 0.2304335277006527 0
1092 0.5010601475866556 0.2297930820163545 0
1093 0.3956245593198396 0.2389288126744298 0
1094 1.172458404117775 0.1847636681179669 0
1095 0.1461358426339445 0.2473452044642724 0
1096 0.1182990325015106 0.2760333260795846 0
1097 0.07425178572332136 0.2670909464060334 0
1098 0.08904182782358072 0.3072195206984557 0
1099 1.510745380793094 0.2344340158747622 0
1100 1.426936162366535 0.3203002852641139 0
1101 1.211278197508712 0.1944302814526689 0
1102 1.280921330158035 0.1719795569861216 0
1103 0.634361455851403 0.1919533342828642 0
1104 0.8064505360611615 0.163985384293835 0
1105 0.561687606287768 0.3165497207765059 0
1106 1.247887419787332 0.3101416807249062 0
1107 1.100083196206193 0.3074100416868726 0
1108 1.106392400081537 0.3460586310352346 0
1109 0.8282663518585636 0.2408729504075962 0
1110 0.7955315391352549 0.125496240789872 0
1111 0.7445595079003229 0.3268701968882339 0
1112 0.5954634050783429 0.1825361826937178 0
1113 0.6233575111905676 0.1541179193181569 0
1114 0.856139803120883 0.2121886678739486 0
1115 0.8173611678104482 0.2024147146183702 0
1116 1.039174810127559 0.2225330088599342 0
1117 0.3180457772357437 0.2193415632604596 0
1118 1.250215059360041 0.2036859193962098 0
1119 1.144602485671256 0.2134700455981143 0
1120 0.8949085857803044 0.222027563257374 0
1121 0.8839871262773944 0.1835801850784562 0
1122 0.6393263621564047 0.3362197053892416 0
1123 0.7676629663584804 0.1541366029463134 0
1124 0.7894909625243844 0.2310847780327014 0
1125 1.000383422260267 0.2127631180783192 0
1126 0.9894395709280536 0.1743779231527955 0
1127 0.6623233800853587 0.1632935925872671 0
1128 0.7834307045541142 0.08765961601928313 0
1129 0.6840678317974093 0.2402154736517867 0
1130 1.616051872365577 0.2252759512898974 0
1131 1.01584593044486 0.1459521756989063 0
1132 0.56767271803641 0.2109716441060687 0
1133 0.3847251975430934 0.2002950380185129 0
1134 0.3119224855513356 0.3250349140119164 0
1135 0.4901340804048173 0.1913150532034753 0
1136 0.2179417140500561 0.3738062752014649 0
1137 0.528892341313025 0.2011543239464671 0
1138 0.4016487904401908 0.1332608578818814 0
1139 0.1738628764365349 0.2186971651293571 0
1140 0.1289412758930764 0.3150539041657325 0
1141 0.2192140993553207 0.1234148547041122 0
1142 0.2107371995749228 0.08263817048372157 0
1143 1.611450071394153 0.07607083879047558 0
1144 0.1826107727914982 0.1142784858968936 0
1145 1.946104665824834 0.4896218851595345 0
1146 1.952097926066865 0.4792367814511787 0
1147 1.96409073809109 0.4792362207141363 0
1148 1.958101449025906 0.4688465619988651 0
1149 1.946102488893563 0.4688427848810321 0
1150 1.952108211108295 0.4584519855262798 0
1151 1.940108287860878 0.4584449322609427 0
1152 1.946114502873765 0.448055945812567 0
1153 1.934114497044129 0.4480486581917925 0
1154 1.940120775164064 0.4376599303718597 0
1155 1.928120768127519 0.437652628609949 0
1156 1.934127062271647 0.4272639650849869 0
1157 1.922127063189419 0.4272566929558209 0
1158 1.928133355838901 0.4168680238499953 0
1159 1.916133357787319 0.4168607555629653 0
1160 1.922139650405041 0.4064720863362565 0
1161 1.910127065183527 0.4272494248413577 0
1162 1.910139652560343 0.406464818820041 0
1163 1.916145945166828 0.3960761495511987 0
1164 1.928145942966094 0.3960834168982529 0
1165 1.904145947355698 0.3960688821600076 0
1166 1.922152237766278 0.3856874802561437 0
1167 1.934152235564373 0.3856947475988231 0
1168 1.922114479877103 0.4480413158404261 0
1169 1.940133353644919 0.4168752912266471 0
1170 1.898139654750506 0.4064575514336897 0
1171 1.892145949556647 0.3960616148137732 0
1172 1.886139656949421 0.4064502840798668 0
1173 1.92815853037076 0.3752988109798173 0
1174 1.940158528169694 0.375306078325617 0
1175 1.916158532570702 0.3752915436298327 0
1176 1.946152233361726 0.3857020149387384 0
1177 1.922164825177821 0.364902874363324 0
1178 1.952120797280722 0.437667204782193 0
1179 1.952158525968486 0.3753133456708883 0
1180 1.946164820776476 0.3649174090578563 0
1181 1.880145951756894 0.3960543474649393 0
1182 1.874139659149677 0.4064430167310653 0
1183 1.880133364341809 0.4168389533445181 0
1184 1.886152244364239 0.3856656781992804 0
1185 1.91016482737817 0.3648956070148491 0
1186 1.874152246564786 0.3856584108515674 0
1187 1.916171119985503 0.3545069377491364 0
1188 1.958164818575794 0.3649246764050824 0
1189 1.958152231160686 0.3857092822846295 0
1190 1.952171113383685 0.3545287397916821 0
1191 1.880158539172073 0.3752697415856997 0
1192 1.86815854137266 0.3752624742381292 0
1193 1.904171122186063 0.3544996704014635 0
1194 1.86813336654235 0.4168316859967771 0
1195 1.874127071734454 0.4272276226101254 0
1196 1.862127073935047 0.4272203552625798 0
1197 1.868120779127161 0.4376162918759644 0
1198 1.880120776926566 0.4376235592235046 0
1199 1.874114484319281 0.4480122284893711 0
1200 1.862114486519879 0.4480049611418399 0
1201 1.886114482118684 0.448019495836905 0
1202 1.856133368742927 0.4168244186491712 0
1203 1.850127076135642 0.4272130879150315 0
1204 1.868108191712 0.4584008977552452 0
1205 1.856108193912595 0.4583936304077135 0
1206 1.964108125075467 0.4584589898970538 0
1207 1.964171111183067 0.3545360071391505 0
1208 1.958177405990959 0.3441400705257521 0
1209 1.95214593855341 0.3960979515505553 0
1210 1.964145936352743 0.3961052188978294 0
1211 1.958139643745443 0.4064938881636633 0
1212 1.850114488720471 0.4479976937943048 0
1213 1.940171115584284 0.3545214724441425 0
1214 1.93410190106706 0.4688331767480725 0
1215 1.862101902003309 0.4687847808056271 0
1216 1.850101904687004 0.4687767157555152 0
1217 1.874101899672476 0.4687922632012869 0
1218 1.969876978460519 0.4063492947385055 0
1219 1.964089571756818 0.4168645146482334 0
1220 1.969956770138066 0.3442773803544431 0
1221 1.874164812738739 0.3649088789005643 0
1222 1.86216483264034 0.3648723832794362 0
1223 1.97015222896 0.3857165496318421 0
1224 1.970269111931776 0.364904534606704 0
1225 1.910177252184655 0.3443795040650122 0
1226 1.922177385491311 0.3441630189713797 0
1227 1.964146926322864 0.3337730750067334 0
1228 1.892120774725966 0.4376308265710513 0
1229 1.898114479918085 0.44802676318444 0
1230 1.892108187310804 0.4584154324503101 0
1231 1.904108185312909 0.4584226999140205 0
1232 1.898101894195626 0.4688086298413135 0
1233 1.910101893100856 0.468815446294975 0
1234 1.886164806997944 0.3649219919028112 0
1235 1.904158534770945 0.3752842762809846 0
1236 1.977787788821074 0.333940972270815 0
1237 1.898585376303469 0.3446357298692273 0
1238 1.862436039154105 0.3854875261225548 0
1239 1.916448247340162 0.334196101887569 0
1240 1.867554760300998 0.3548751105684775 0
1241 1.856068402317254 0.3545377823220334 0
1242 1.850147716345909 0.3648714414380874 0
1243 1.861338993529397 0.3449054143768519 0
1244 1.85029999575797 0.3440697356600586 0
1245 1.970142134025423 0.3236878719269365 0
1246 1.958189993406133 0.3233554646464614 0
1247 1.977815043162269 0.4167949503981672 0
1248 1.97012705412964 0.4272857613904005 0
1249 1.927642558872082 0.3344703334125693 0
1250 1.844133370943523 0.4168171513016246 0
1251 1.850139365137595 0.4069212282303232 0
1252 1.838761708378835 0.406834886283065 0
1253 1.868095604296837 0.4791855036345245 0
1254 1.940105724541524 0.4792291368732222 0
1255 1.970100952721189 0.4688495214838431 0
1256 1.976284413223319 0.4584577249065465 0
1257 1.970143889687167 0.4480690011033839 0
1258 1.981949225642722 0.4690593048430662 0
1259 1.981953353860143 0.4478533565426375 0
1260 1.975855624477768 0.4377843829824124 0
1261 1.988447837585582 0.4365065187880235 0
1262 1.958119400249094 0.448062937746612 0
1263 1.928108208887329 0.4584373294597114 0
1264 1.922101900004032 0.4688237098562714 0
1265 1.964082303692438 0.4376912970079762 0
1266 1.95811335608766 0.4272770936615204 0
1267 1.910114478680759 0.4480340336609877 0
1268 1.916108187621411 0.4584295195407202 0
1269 1.91609558397324 0.4792145840709473 0
1270 1.946124782597858 0.4272710070927751 0
1271 1.94613964599707 0.4064866210069141 0
1272 1.916120771263949 0.4376453649711847 0
1273 1.90413335994055 0.4168534880395016 0
1274 1.892577355169504 0.3548185323606107 0
1275 1.892133362141564 0.4168462206934118 0
1276 1.892158532841257 0.3752838288637801 0
1277 1.898232529890647 0.3649506511374165 0
1278 1.862139611614688 0.4065178737491022 0
1279 1.85451318930766 0.3954520244318023 0
1280 1.898152241475296 0.3856740822019931 0
1281 1.844002353918229 0.3531383296938903 0
1282 1.837858852592618 0.3636689272363539 0
1283 1.844388865125161 0.3742606616529481 0
1284 1.964175906360671 0.3753160448275196 0
1285 1.976487843153118 0.3752493104590754 0
1286 1.982152226759403 0.3857238169793769 0
1287 1.982272930629584 0.3642615083652407 0
1288 1.976289086964077 0.3545433459356209 0
1289 1.976145934152119 0.3961124862452492 0
1290 1.856525164656088 0.3749027764331533 0
1291 1.934139648267654 0.4064793539201168 0
1292 1.856120781327758 0.4376090245284355 0
1293 1.844120783528357 0.4376017571808985 0
1294 1.838663645134693 0.4477956718336735 0
1295 1.844305253101985 0.4584139867403608 0
1296 1.838379028175353 0.468775853631725 0
1297 1.844095608698043 0.4791709689394654 0
1298 1.867921116257968 0.3959355332251718 0
1299 1.940145940785055 0.3960906843189 0
1300 1.946177216204276 0.3444498166399763 0
1301 1.880108189972794 0.4584074032415498 0
1302 1.886101897809187 0.4687989828762359 0
1303 1.892095599895636 0.4792000383295879 0
1304 1.934164822977315 0.3649101417112137 0
1305 1.952622047994087 0.334374702058401 0
1306 1.934086990835424 0.3446262989833148 0
1307 1.928156043341943 0.3546051240370852 0
1308 1.952123392304961 0.4168780692999589 0
1309 1.910152239850958 0.3856804023466934 0
1310 1.886127069533934 0.4272348899579789 0
1311 1.904120772691465 0.4376380945157508 0
1312 1.840527077896118 0.4272072740370017 0
1313 1.83047125175749 0.4343437110124204 0
1314 1.832141198051876 0.4180150187833378 0
1315 1.898127067342685 0.4272421573394269 0
1316 1.814052622931772 0.4891117522271135 0
1317 1.819779521757036 0.4781569135115517 0
1318 1.806057504191109 0.4786880115295689 0
1319 1.809401643045234 0.4615765613084837 0
1320 1.969997202073974 0.4896633792593229 0
1321 1.91016410727838 0.4896184748084628 0
1322 1.93413173652695 0.4896284382780376 0
1323 1.928095628869873 0.4792117547214781 0
1324 1.886193405567416 0.4896116642206537 0
1325 1.970039699205123 0.2842596586773284 0
1326 1.97007795873509 0.2633613454858902 0
1327 1.904095607648559 0.4791908702265338 0
1328 1.862228915943504 0.4896090003583234 0
1329 1.880106578392089 0.4791783740427925 0
1330 1.975969641759584 0.4793294824257447 0
1331 1.988955346119266 0.4805614798642078 0
1332 1.838251561319244 0.4895566193152174 0
1333 1.856110023757018 0.4791604174811308 0
1334 1.989690173764472 0.4107142857142861 0
1335 1.989690173764472 0.3392857142857148 0
1336 0.6116241297036566 0.3650861951935492 0
1337 1.499463399206427 0.1952737034099534 0
1338 1.832281440866591 0.4788878781396346 0
1339 1.948751584077657 0.02288264537480966 0
1340 1.971335155527818 0.02810019269060385 0
1341 1.540051747421174 0.3502232652488518 0
1342 1.383738002885406 0.04351658545594358 0
1343 0.8538779420782141 0.3571354566649698 0
1344 1.971078854377305 0.1646309702159671 0
1345 1.953473122075342 0.04485651718798289 0
1346 1.950334642116308 0.06926417315031549 0
1347 1.969131015956907 0.05848254100427461 0
1348 1.439623522241187 0.08176528907920549 0
1349 1.879558392529859 0.353340782653286 0
1350 1.754689417827997 0.3329212820628709 0
1351 0.4676851268632441 0.3648156849438571 0
1352 1.839739617195695 0.2451827195655376 0
1353 1.978264885995266 0.2164121638636731 0
1354 1.976645974051368 0.2443802405619954 0
1355 0.924162557901024 0.4704985821656041 0
1356 1.369140293078112 0.4649070273869275 0
1357 1.790207771738745 0.4693836408482307 0
1358 1.775927139392473 0.4788595761846181 0
1359 1.82468698736646 0.06381233617059795 0
1360 1.922006499257743 0.3221292756403979 0
1361 0.8852698711843597 0.3290833594854689 0
1362 1.121076436771375 0.4752392584347002 0
1363 1.974205395325837 0.07879324518476344 0
1364 1.955563741947423 0.09303318929824361 0
1365 1.976755137898134 0.1013146139045162 0
1366 1.960757370174799 0.1115406250372915 0
1367 1.322884078325909 0.3292302992763031 0
1368 0.5362242158780822 0.09078685405013309 0
1369 0.6129569021328283 0.1166363004192714 0
1370 1.976560955074358 0.3017904867378204 0
1371 1.828918041770353 0.3773855659190724 0
1372 1.826164842782334 0.364844735582103 0
1373 1.820260904280234 0.3939804709426681 0
1374 1.827374463575125 0.4068006495479995 0
1375 1.83289060552556 0.3879299524281206 0
1376 1.81262712823616 0.3527298557535044 0
1377 1.929442259246447 0.088137541597617 0
1378 1.939725733240414 0.1134987586915833 0
1379 0.996725388336602 0.3678055816611504 0
1380 1.975013444690388 0.185623977014342 0
1381 1.970784959212593 0.1455667416010963 0
1382 1.978844556819745 0.1344533063098272 0
1383 1.831525162317242 0.3326600173303689 0
1384 1.840571637206212 0.3422590048735263 0
1385 1.845384141085684 0.3305783630691194 0
1386 1.502847294581143 0.3392522161498556 0
1387 0.361355913992231 0.3735201048831287 0
1388 1.832881481466518 0.4583740924369644 0
1389 0.8715932166333366 0.4751456776620904 0
1390 0.5371680053468143 0.4669480600098252 0
1391 0.5167995168593497 0.4698816657727126 0
1392 0.5476459323419565 0.4790398544453673 0
1393 1.324348965069225 0.2231121644090389 0
1394 1.47494705768238 0.3677094052587031 0
1395 1.204408309694476 0.04693508207590213 0
1396 1.825902111112437 0.4666535105669788 0
1397 0.9578030151306882 0.04709204906974879 0
1398 1.006411388662427 0.4700760253314332 0
1399 1.082667879734071 0.1271902355204569 0
1400 0.1097246280784521 0.4700630038502575 0
1401 0.08884977380921555 0.4728135805488328 0
1402 0.06993437483190834 0.4513225037042201 0
1403 0.03668893420371799 0.4576841915970281 0
1404 0.05640858265608673 0.4723176908158037 0
1405 1.72372079551132 0.1120502432725216 0
1406 0.6401849329981852 0.08496372053890736 0
1407 1.693201913398914 0.473265820028884 0
1408 1.334984794930367 0.3704438662364637 0
1409 1.660762063518519 0.3825795191259551 0
1410 0.6908243488521536 0.4668105188692712 0
1411 0.6692599260554618 0.4710799595784905 0
1412 0.7025411162359816 0.4785072676772354 0
1413 0.6538405754548036 0.4512298561562311 0
1414 1.991227097085416 0.1012153037332843 0
1415 1.989916848783981 0.2438806684304854 0
1416 1.987138391959447 0.2679323120313866 0
1417 1.989531685998732 0.01820401389070897 0
1418 1.989690173764472 0.1845238095238095 0
1419 1.989092925991327 0.2086877415963268 0
1420 1.988674917588444 0.08954856973209502 0
1421 1.986767904933719 0.066485054653175 0
1422 1.989690173764472 0.1607142857142857 0
1423 1.987627021157765 0.0403716817859387 0
1424 1.987314977366399 0.2920866533991256 0
1425 1.990356275475598 0.2196432206527897 0
1426 1.988675954284761 0.3047295668084897 0
1427 1.989483587404903 0.3282033129093798 0
1428 0.8195611586803209 0.3438952770072972 0
1429 1.04132509082371 0.1180315231960186 0
1430 0.06438767057745431 0.3384600533842075 0
1431 1.953881630538882 0.2504321105253465 0
1432 0.7917118279185691 0.3734476669472582 0
1433 1.166467065868263 0.4910649623595119 0
1434 1.163646504669885 0.4784119226279032 0
1435 1.144370481826139 0.4765282505327144 0
1436 0.580838323353291 0.489628438278031 0
1437 0.5896429670813459 0.4756334004673435 0
1438 0.6047904191616738 0.4896284382780307 0
1439 0.5212016817112901 0.4885750112916588 0
1440 1.084772804896031 0.4853709920679814 0
1441 1.107784431137724 0.4896284382780307 0
1442 1.101424294272279 0.4760012587579687 0
1443 1.070700443999339 0.4771074651370042 0
1444 0.2332813402568992 0.4885840569481434 0
1445 0.2095808383233517 0.4895080649272649 0
1446 0.6628235049548129 0.4869551055433736 0
1447 0.6491634912841094 0.4755136341917027 0
1448 1.335892188727113 0.4906676204060206 0
1449 0.6407185628742496 0.4896284382780316 0
1450 1.514970059880239 0.4896284382780308 0
1451 0.4860279441117736 0.4892116536065524 0
1452 0.4957428472248019 0.4773071479557184 0
1453 0.4604611852414606 0.4887792256664407 0
1454 1.538270593703245 0.4878498065065465 0
1455 1.543636817603331 0.4753152141230231 0
1456 1.023952095808383 0.4890365322215408 0
1457 1.031195786014329 0.4760428076189088 0
1458 1.04768020796831 0.4768420750802051 0
1459 1.047904191616766 0.4896284382780309 0
1460 0.1736526946107751 0.4896284382780313 0
1461 1.288202155030327 0.4883904236385728 0
1462 1.283320460344612 0.473168077556238 0
1463 1.299467953184698 0.4778741552828886 0
1464 1.263700246988599 0.4902232788372163 0
1465 0.737457279847424 0.4843707106552292 0
1466 1.574850299401197 0.4896284382780308 0
1467 1.581225316068602 0.4767762462965939 0
1468 0.4251497005988016 0.4896284382780287 0
1469 0.417175885043929 0.474014083432164 0
1470 0.4004132079869732 0.4786510563661977 0
1471 0.4365194407469648 0.476503743449566 0
1472 0.4010407254297281 0.4915815865844525 0
1473 0.3901198830104813 0.4883691770111246 0
1474 0.3844018607444669 0.4723233609137762 0
1475 0.36566107656534 0.4747779612566431 0
1476 1.598539710612453 0.4847195369868995 0
1477 1.01200436484959 0.4890839834266296 0
1478 0.9876889339359445 0.4881744363238034 0
1479 1.323353293413174 0.4896284382780308 0
1480 0.6766467065868242 0.4896284382780306 0
1481 1.803022440875436 0.4910324347684085 0
1482 1.635928143712574 0.4912279851236345 0
1483 0.3427276247078646 0.4908108265328529 0
1484 0.3654103474088417 0.4901692433692642 0
1485 0.9294039294072015 0.4871520266216623 0
1486 0.9406672021989677 0.4763750382948284 0
1487 0.9030427785632618 0.4738386797708633 0
1488 1.317301688059459 0.08302205613346733 0
1489 0.03052009273413181 0.4883588576944228 0
1490 0.02269872622487668 0.4746471684671894 0
1491 0.05389221556885915 0.4896284382780342 0
1492 1.408513702536463 0.4907717665543156 0
1493 1.412655797870798 0.4754190512797514 0
1494 0.8447586195915641 0.4885107786838994 0
1495 0.8395159979897734 0.4746397486419126 0
1496 0.8216078163567184 0.4778149737605747 0
1497 0.820608988421043 0.4914143700633272 0
1498 1.742856498840744 0.4892484654957507 0
1499 0.3048812037325567 0.490595394985116 0
1500 1.718186499425674 0.4885053724047296 0
1501 1.694610778443113 0.4896284382780307 0
1502 0.280631177336803 0.4884339260553026 0
1503 0.2869498745200605 0.4769842105015281 0
1504 0.2702449680875665 0.4766678063625337 0
1505 0.8682634730538907 0.4896284382780307 0
1506 1.430853402785183 0.4902991542515572 0
1507 1.468263473053893 0.4912872995544715 0
1508 1.47808383233533 0.4916190718097593 0
1509 0.8799780755381053 0.4882739860373941 0
1510 0.9041916167664658 0.4896284382780308 0
1511 1.65748502994012 0.4915975887645573 0
1512 0.3173652694610761 0.4896284382780325 0
1513 0.2451148182986818 0.4874261614291114 0
1514 0.8096679698870143 0.4881916945200436 0
1515 0.8054314630424033 0.4701667973631174 0
1516 0.7833745529650432 0.4764246452443838 0
1517 0.784298295771838 0.4900390952753658 0
1518 0.7730263513965334 0.4892142463207251 0
1519 0.08974848415137293 0.4899814106569561 0
1520 0.1011631316938792 0.4866374689490393 0
1521 0.1262708712920857 0.4763413196667923 0
1522 0.1437333463972386 0.4723629891430579 0
1523 0.06539152229922474 0.4875526519874827 0
1524 0.9654007508883322 0.4883996968068633 0
1525 0.9404785255370369 0.4902198129596146 0
1526 1.623377983724346 0.4893763326919019 0
1527 1.616766467065871 0.4730290272127087 0
1528 1.251497005988024 0.4896284382780312 0
1529 1.241570454437404 0.4753684519654883 0
1530 0.1257485029940105 0.489628438278031 0
1531 0.1517339124980651 0.4876889875437329 0
1532 1.562574804337221 0.4903194490724142 0
1533 0.4369188781588949 0.4911182158621678 0
1534 1.226347305389222 0.4915073042637986 0
1535 0.7494913308250795 0.4897817873630205 0
1536 0.1868263473053884 0.4909263633467268 0
1537 1.502994011976047 0.48845076137501 0
1538 1.495286006696456 0.4722930007480506 0
1539 1.459912882376425 0.04598275391393722 0
1540 0.5515225706476178 0.04754133110657563 0
1541 0.2694566662106214 0.4909460341391735 0
1542 0.1890594133824551 0.04411765348458185 0
1543 1.683397923690238 0.4875714006862013 0
1544 1.673031517260672 0.4747308502076247 0
1545 1.143712574850299 0.489628438278031 0
1546 1.120020981387272 0.4905125880495776 0
1547 1.44311377245509 0.4896284382780304 0
1548 1.450144339505144 0.4740112742608437 0
1549 1.179069386496089 0.4856819535461298 0
1550 1.203041385444388 0.4882703493805369 0
1551 1.210287520111004 0.4751161492863606 0
1552 1.382661997953281 0.4895561704461047 0
1553 1.388000049710892 0.4742861335322794 0
1554 1.359281437125749 0.489628438278031 0
1555 1.353293413173653 0.4760451032697752 0
1556 0.6167664670658665 0.4896284382780312 0
1557 1.071856287425149 0.4896284382780307 0
1558 1.299445125182343 0.4900319589886377 0
1559 0.4211509611252682 0.07405475521217361 0
1560 0.7372123032208082 0.03466454554939363 0
1561 1.620391048914856 0.4431567091841243 0
1562 1.758981232629964 0.4516772233167537 0
1563 1.434309611042411 0.2174414027979289 0
1564 0.2543254761407689 0.4769322430128461 0
1565 1.815058444042722 0.4429892155586294 0
1566 1.724425438336058 0.4757590657909496 0
1567 1.554893331182906 0.1426164457075668 0
1568 1.904806020316755 0.3345189395648963 0
1569 1.893584864844637 0.3338156192773539 0
1570 1.888270178083658 0.3195318248014234 0
1571 1.880250744952602 0.3317124228261926 0
1572 0.07185628742514638 0.4759047483731433 0
1573 1.976912322423753 0.2023809523809543 0
1574 1.980506615395281 0.3449527604016716 0
1575 1.980387146623946 0.4281981322356103 0
1576 0.3240027139347836 0.4757676174540397 0
1577 0.4596499763846655 0.0803264256569684 0
1578 0.7215917542912018 0.4769649018164305 0
1579 0.893654666598396 0.08468322767320613 0
1580 0.8539311894586203 0.07010118142967897 0
1581 1.900705514534449 0.3150446888879087 0
1582 1.025811624062142 0.0727090365698537 0
1583 1.980436529422958 0.40549910789597 0
1584 1.981488260803443 0.0103877612501394 0
1585 1.932347774986445 0.1411599082136457 0
1586 1.909881393932099 0.3241893645229999 0
1587 1.940132240055833 0.3333320954900416 0
1588 0.06964418524289329 0.2250852122182222 0
1589 1.958563995148539 0.1315739032008695 0
1590 0.8293287198225097 0.4593246303020108 0
1591 1.25967047336089 0.3451762486200201 0
1592 1.850802274721079 0.3841124079280485 0
1593 0.7544910179640698 0.4758537396307297 0
1594 0.5826479361528558 0.4525767634613775 0
1595 1.316597446687702 0.475326205322592 0
1596 1.095891383341524 0.3794959272393441 0
1597 0.009426203616529349 0.4822552664361103 0
1598 0.7887930122089821 0.4582889207958798 0
1599 1.834360673958524 0.3973457083562201 0
1600 0.5693903447276208 0.4763050907844357 0
1601 0.402898264963421 0.4589743991751756 0
1602 1.52705403350905 0.4756035504417653 0
1603 1.857310270008251 0.3347722041836099 0
1604 1.868558730206373 0.3363723596443249 0
1605 0.467065868263469 0.4760778437948436 0
1606 0.04029565429926352 0.4788571113127688 0
1607 1.686022358806493 0.1063336145917367 0
1608 1.170542657096789 0.3260201463294951 0
1609 1.888206996810811 0.3452698830466353 0
1610 1.165520342746092 0.03898760478819141 0
1611 1.992029627513557 0.3869047619047626 0
1612 1.98029690949906 0.3240698509972356 0
1613 0.9918394479444402 0.4764655429303769 0
1614 0.1677251128545388 0.4762158250292038 0
1615 0.04203371162656022 0.03270373354099795 0
1616 0.03951966065501444 0.119619814908729 0
1617 1.991957940803023 0.4701212549570386 0
1618 1.848544808583489 0.03887548025526916 0
1619 0.5724941219362449 0.1118863957283408 0
1620 1.802657827618714 0.01461455116889598 0
1621 0.688622754491018 0.01660176980106823 0
1622 0.1372257671578673 0.01456640877236667 0
1623 1.138519661026411 0.06959563412829781 0
1624 0.1484444475826013 0.4398848744890316 0
1625 0.0149231494199471 0.172702312364561 0
1626 0.01554896713247789 0.3515182586573442 0
1627 0.3439097520539702 0.4772192209384571 0
1628 0.3552561792056264 0.4580499621812598 0
1629 1.309815883073792 0.1896211281587473 0
1630 1.293046674521852 0.4350875682400788 0
1631 1.978198485180699 0.3139907738997793 0
1632 1.991891315443612 0.4468820892465762 0
1633 1.975865753102172 0.1194962810912905 0
1634 1.989383323739774 0.125658264566853 0
1635 1.755990588932048 0.4759512402837592 0
1636 1.914783131394523 0.3129417994352537 0
1637 1.99227730906551 0.3630952380952388 0
1638 0.4969563165880146 0.4899603847494745 0
1639 1.973795091563225 0.04501925328957079 0
1640 0.9242136894265486 0.09767827927948958 0
1641 0.4542342105206805 0.4782236339382667 0
1642 1.958723513277676 0.01190406329242039 0
1643 0.8862275449101777 0.4768342445397641 0
1644 0.7122884381952501 0.4894481307206077 0
1645 1.766350000795021 0.4893267473807523 0
1646 1.978127845436648 0.2737942475380116 0
1647 0.3446746576104894 0.08507006787396054 0
1648 0.5016727129558163 0.4600441511350087 0
1649 0.2602706106178549 0.4597522349170377 0
1650 1.758512468849691 0.03765817978455135 0
1651 0.8053892215568862 0.06247112795035659 0
1652 0.5574444291991054 0.4895283220858404 0
1653 0.3997805415499649 0.1016750332166999 0
1654 1.401927862742243 0.211510628325273 0
1655 0.06955057245946827 0.09158076497856779 0
1656 1.194122244907642 0.4770512553557737 0
1657 1.844101426178915 0.3992186231294201 0
1658 0.4820170142909355 0.04750709469908887 0
1659 0.6138484144763552 0.4751197920454272 0
1660 1.073495038176542 0.3248397558001239 0
1661 1.828561906881224 0.4467301887287064 0
1662 1.947963028091483 0.3255493359820658 0
1663 1.943715145415376 0.3146972617944796 0
1664 1.285343021912688 0.03336421823281371 0
1665 0.1916167664670683 0.4759855321294835 0
1666 1.991220923252221 0.4912398533609458 0
1667 0.2507079951095508 0.06193229610443449 0
1668 0.0390415899081189 0.2732430094919805 0
1669 0.05634663284586516 0.1489302426068654 0
1670 1.517428142149597 0.4441321270184997 0
1671 1.263507962812839 0.4743969780770194 0
1672 1.519976117708355 0.1371519918448991 0
1673 0.7011895885940559 0.491540576803034 0
1674 1.560695744425159 0.4742649471221554 0
1675 1.709089520526227 0.477309200569672 0
1676 0.05434842925236627 0.3954045636036216 0
1677 0.03933039564636842 0.3664479361622145 0
1678 1.674368673121094 0.07292537983292446 0
1679 1.778295230440653 0.4910261655602535 0
1680 0.0303999579797225 0.2162881423990126 0
1681 0.9890407681295375 0.07444057626728376 0
1682 0.6858385762958108 0.4791547340040709 0
1683 1.963809507839958 0.3129015768774742 0
1684 0.7563176088065993 0.4494212134645654 0
1685 0.8622314992785398 0.03660237917257972 0
1686 1.037908444229416 0.4462622669600407 0
1687 1.838154536966386 0.3818655502893804 0
1688 1.226723629203847 0.3341618869197039 0
1689 1.638397038630282 0.4781570401236225 0
1690 1.991188642278279 0.1361680023508722 0
1691 1.610704006751214 0.4142288006427685 0
1692 1.41098482389963 0.4482311334307568 0
1693 1.43166752784959 0.4792938949845518 0
1694 1.453362269392917 0.4570523609276391 0
1695 0.5292668154666257 0.4783171134940221 0
1696 1.978938449083204 0.154761904761907 0
1697 1.908311404574317 0.1551985818498642 0
1698 1.352989111094681 0.03116511352229512 0
1699 0.3246854214768273 0.4485408130226739 0
1700 1.472871643127585 0.4792588728895724 0
1701 1.037742412495615 0.3183053660371021 0
1702 1.773759512010235 0.4637988842790365 0
1703 0.5459138117541513 0.4917440132301447 0
1704 0.8553121524034587 0.4782949149269837 0
1705 1.296843105746029 0.1379811409025762 0
1706 1.760417542158732 0.4288095891172484 0
1707 1.813644030243593 0.3326294856762756 0
1708 1.139962749957001 0.3483468320803205 0
1709 1.510818314344957 0.4776443271728555 0
1710 0.303644908297941 0.4772807212676209 0
1711 1.801692295246048 0.4003861370627825 0
1712 1.946587588638121 0.009341215337706543 0
1713 1.933961184635732 0.3218066985747019 0
1714 1.023369237609035 0.4611123945888521 0
1715 1.33547901549563 0.4773618319476453 0
1716 0.9785477533487977 0.479239686744905 0
1717 0.01253559600071641 0.01163536599030954 0
1718 0.2250043486829334 0.4610258482206989 0
1719 1.563946255977565 0.03738659004282741 0
1720 0.8440016634194097 0.4422133719014997 0
1721 1.935113586814976 0.03098854047243832 0
1722 0.1300825411652673 0.07630750308306097 0
1723 1.870479362702786 0.3462212891979087 0
1724 1.771077407728946 0.07314508692524185 0
1725 1.226484887307386 0.4807343012976373 0
1726 0.7668191919937062 0.4788351489357902 0
1727 1.039550674341312 0.4640864775002026 0
1728 1.156178591726071 0.4581154457440235 0
1729 0.2050472721539465 0.4802070096444726 0
1730 1.24751739817606 0.4559349931506514 0
1731 1.399510985337719 0.4625501873787855 0
1732 0.4794864445531919 0.4790289340869471 0
1733 0.1780403924613856 0.08342285285614418 0
1734 0.6301882998415266 0.4805256246356334 0
1735 1.01898014523662 0.4775885504888858 0
1736 1.623632292804504 0.03203481484321252 0
1737 0.2751356591355039 0.07598096599658535 0
1738 1.736526946107786 0.4788815904142525 0
1739 0.00954835393702691 0.4711961804729934 0
1740 0.01521158261655065 0.444101120848389 0
1741 1.657051195371971 0.4814312528657541 0
1742 0.2149190020338384 0.4811746138924203 0
1743 1.370406178546868 0.4810082802174323 0
1744 0.006908715487496275 0.493070620156935 0
1745 1.991808779779597 0.008099307409122042 0
1746 0.006127910976227002 0.005885031973767857 0
1747 0.223839041670187 0.4763618178397806 0
1748 0.1573867526912685 0.4176921518338854 0
1749 1.346746629948643 0.4602794327268717 0
$EndNodes
$Elements
3496
1 1 2 11 1 1 5
2 1 2 11 1 5 6
3 1 2 11 1 6 7
4 1 2 11 1 7 8
5 1 2 11 1 8 9
6 1 2 11 1 9 10
7 1 2 11 1 10 11
8 1 2 11 1 11 12
9 1 2 11 1 12 13
10 1 2 11 1 13 14
11 1 2 11 1 14 15
12 1 2 11 1 15 16
13 1 2 11 1 16 17
14 1 2 11 1 17 18
15 1 2 11 1 18 19
16 1 2 11 1 19 20
17 1 2 11 1 20 21
18 1 2 11 1 21 22
19 1 2 11 1 22 23
20 1 2 11 1 23 24
21 1 2 11 1 24 25
22 1 2 11 1 25 26
23 1 2 11 1 26 27
24 1 2 11 1 27 28
25 1 2 11 1 28 29
26 1 2 11 1 29 30
27 1 2 11 1 30 31
28 1 2 11 1 31 32
29 1 2 11 1 32 33
30 1 2 11 1 33 34
31 1 2 11 1 34 35
32 1 2 11 1 35 36
33 1 2 11 1 36 37
34 1 2 11 1 37 38
35 1 2 11 1 38 39
36 1 2 11 1 39 40
37 1 2 11 1 40 41
38 1 2 11 1 41 42
39 1 2 11 1 42 43
40 1 2 11 1 43 44
41 1 2 11 1 44 45
42 1 2 11 1 45 46
43 1 2 11 1 46 47
44 1 2 11 1 47 48
45 1 2 11 1 48 49
46 1 2 11 1 49 50
47 1 2 11 1 50 51
48 1 2 11 1 51 52
49 1 2 11 1 52 53
50 1 2 11 1 53 54
51 1 2 11 1 54 55
52 1 2 11 1 55 56
53 1 2 11 1 56 57
54 1 2 11 1 57 58
55 1 2 11 1 58 59
56 1 2 11 1 59 60
57 1 2 11 1 60 61
58 1 2 11 1 61 62
59 1 2 11 1 62 63
60 1 2 11 1 63 64
61 1 2 11 1 64 65
62 1 2 11 1 65 66
63 1 2 11 1 66 67
64 1 2 11 1 67 68
65 1 2 11 1 68 69
66 1 2 11 1 69 70
67 1 2 11 1 70 71
68 1 2 11 1 71 72
69 1 2 11 1 72 73
70 1 2 11 1 73 74
71 1 2 11 1 74 75
72 1 2 11 1 75 76
73 1 2 11 1 76 77
74 1 2 11 1 77 78
75 1 2 11 1 78 79
76 1 2 11 1 79 80
77 1 2 11 1 80 81
78 1 2 11 1 81 82
79 1 2 11 1 82 83
80 1 2 11 1 83 84
81 1 2 11 1 84 85
82 1 2 11 1 85 86
83 1 2 11 1 86 87
84 1 2 11 1 87 88
85 1 2 11 1 88 89
86 1 2 11 1 89 90
87 1 2 11 1 90 91
88 1 2 11 1 91 92
89 1 2 11 1 92 93
90 1 2 11 1 93 94
91 1 2 11 1 94 95
92 1 2 11 1 95 96
93 1 2 11 1 96 97
94 1 2 11 1 97 98
95 1 2 11 1 98 99
96 1 2 11 1 99 100
97 1 2 11 1 100 101
98 1 2 11 1 101 102
99 1 2 11 1 102 103
100 1 2 11 1 103 104
101 1 2 11 1 104 105
102 1 2 11 1 105 106
103 1 2 11 1 106 107
104 1 2 11 1 107 108
105 1 2 11 1 108 109
106 1 2 11 1 109 110
107 1 2 11 1 110 111
108 1 2 11 1 111 112
109 1 2 11 1 112 113
110 1 2 11 1 113 114
111 1 2 11 1 114 115
112 1 2 11 1 115 116
113 1 2 11 1 116 117
114 1 2 11 1 117 118
115 1 2 11 1 118 119
116 1 2 11 1 119 120
117 1 2 11 1 120 121
118 1 2 11 1 121 122
119 1 2 11 1 122 123
120 1 2 11 1 123 124
121 1 2 11 1 124 125
122 1 2 11 1 125 126
123 1 2 11 1 126 127
124 1 2 11 1 127 128
125 1 2 11 1 128 129
126 1 2 11 1 129 130
127 1 2 11 1 130 131
128 1 2 11 1 131 132
129 1 2 11 1 132 133
130 1 2 11 1 133 134
131 1 2 11 1 134 135
132 1 2 11 1 135 136
133 1 2 11 1 136 137
134 1 2 11 1 137 138
135 1 2 11 1 138 139
136 1 2 11 1 139 140
137 1 2 11 1 140 141
138 1 2 11 1 141 142
139 1 2 11 1 142 143
140 1 2 11 1 143 144
141 1 2 11 1 144 145
142 1 2 11 1 145 146
143 1 2 11 1 146 147
144 1 2 11 1 147 148
145 1 2 11 1 148 149
146 1 2 11 1 149 150
147 1 2 11 1 150 151
148 1 2 11 1 151 152
149 1 2 11 1 152 153
150 1 2 11 1 153 154
151 1 2 11 1 154 155
152 1 2 11 1 155 156
153 1 2 11 1 156 157
154 1 2 11 1 157 158
155 1 2 11 1 158 159
156 1 2 11 1 159 160
157 1 2 11 1 160 161
158 1 2 11 1 161 162
159 1 2 11 1 162 163
160 1 2 11 1 163 164
161 1 2 11 1 164 165
162 1 2 11 1 165 166
163 1 2 11 1 166 167
164 1 2 11 1 167 168
165 1 2 11 1 168 169
166 1 2 11 1 169 170
167 1 2 11 1 170 2
168 1 2 12 2 2 171
169 1 2 12 2 171 172
170 1 2 12 2 172 173
171 1 2 12 2 173 174
172 1 2 12 2 174 175
173 1 2 12 2 175 176
174 1 2 12 2 176 177
175 1 2 12 2 177 178
176 1 2 12 2 178 179
177 1 2 12 2 179 180
178 1 2 12 2 180 181
179 1 2 12 2 181 182
180 1 2 12 2 182 183
181 1 2 12 2 183 184
182 1 2 12 2 184 185
183 1 2 12 2 185 186
184 1 2 12 2 186 187
185 1 2 12 2 187 188
186 1 2 12 2 188 189
187 1 2 12 2 189 190
188 1 2 12 2 190 191
189 1 2 12 2 191 192
190 1 2 12 2 192 193
191 1 2 12 2 193 194
192 1 2 12 2 194 195
193 1 2 12 2 195 196
194 1 2 12 2 196 197
195 1 2 12 2 197 198
196 1 2 12 2 198 199
197 1 2 12 2 199 200
198 1 2 12 2 200 201
199 1 2 12 2 201 202
200 1 2 12 2 202 203
201 1 2 12 2 203 204
202 1 2 12 2 204 205
203 1 2 12 2 205 206
204 1 2 12 2 206 207
205 1 2 12 2 207 208
206 1 2 12 2 208 209
207 1 2 12 2 209 210
208 1 2 12 2 210 211
209 1 2 12 2 211 3
210 1 2 13 3 3 212
211 1 2 13 3 212 213
212 1 2 13 3 213 214
213 1 2 13 3 214 215
214 1 2 13 3 215 216
215 1 2 13 3 216 217
216 1 2 13 3 217 218
217 1 2 13 3 218 219
218 1 2 13 3 219 220
219 1 2 13 3 220 221
220 1 2 13 3 221 222
221 1 2 13 3 222 223
222 1 2 13 3 223 224
223 1 2 13 3 224 225
224 1 2 13 3 225 226
225 1 2 13 3 226 227
226 1 2 13 3 227 228
227 1 2 13 3 228 229
228 1 2 13 3 229 230
229 1 2 13 3 230 231
230 1 2 13 3 231 232
231 1 2 13 3 232 233
232 1 2 13 3 233 234
233 1 2 13 3 234 235
234 1 2 13 3 235 236
235 1 2 13 3 236 237
236 1 2 13 3 237 238
237 1 2 13 3 238 239
238 1 2 13 3 239 240
239 1 2 13 3 240 241
240 1 2 13 3 241 242
241 1 2 13 3 242 243
242 1 2 13 3 243 244
243 1 2 13 3 244 245
244 1 2 13 3 245 246
245 1 2 13 3 246 247
246 1 2 13 3 247 248
247 1 2 13 3 248 249
248 1 2 13 3 249 250
249 1 2 13 3 250 251
250 1 2 13 3 251 252
251 1 2 13 3 252 253
252 1 2 13 3 253 254
253 1 2 13 3 254 255
254 1 2 13 3 255 256
255 1 2 13 3 256 257
256 1 2 13 3 257 258
257 1 2 13 3 258 259
258 1 2 13 3 259 260
259 1 2 13 3 260 261
260 1 2 13 3 261 262
261 1 2 13 3 262 263
262 1 2 13 3 263 264
263 1 2 13 3 264 265
264 1 2 13 3 265 266
265 1 2 13 3 266 267
266 1 2 13 3 267 268
267 1 2 13 3 268 269
268 1 2 13 3 269 270
269 1 2 13 3 270 271
270 1 2 13 3 271 272
271 1 2 13 3 272 273
272 1 2 13 3 273 274
273 1 2 13 3 274 275
274 1 2 13 3 275 276
275 1 2 13 3 276 277
276 1 2 13 3 277 278
277 1 2 13 3 278 279
278 1 2 13 3 279 280
279 1 2 13 3 280 281
280 1 2 13 3 281 282
281 1 2 13 3 282 283
282 1 2 13 3 283 284
283 1 2 13 3 284 285
284 1 2 13 3 285 286
285 1 2 13 3 286 287
286 1 2 13 3 287 288
287 1 2 13 3 288 289
288 1 2 13 3 289 290
289 1 2 13 3 290 291
290 1 2 13 3 291 292
291 1 2 13 3 292 293
292 1 2 13 3 293 294
293 1 2 13 3 294 295
294 1 2 13 3 295 296
295 1 2 13 3 296 297
296 1 2 13 3 297 298
297 1 2 13 3 298 299
298 1 2 13 3 299 300
299 1 2 13 3 300 301
300 1 2 13 3 301 302
301 1 2 13 3 302 303
302 1 2 13 3 303 304
303 1 2 13 3 304 305
304 1 2 13 3 305 306
305 1 2 13 3 306 307
306 1 2 13 3 307 308
307 1 2 13 3 308 309
308 1 2 13 3 309 310
309 1 2 13 3 310 311
310 1 2 13 3 311 312
311 1 2 13 3 312 313
312 1 2 13 3 313 314
313 1 2 13 3 314 315
314 1 2 13 3 315 316
315 1 2 13 3 316 317
316 1 2 13 3 317 318
317 1 2 13 3 318 319
318 1 2 13 3 319 320
319 1 2 13 3 320 321
320 1 2 13 3 321 322
321 1 2 13 3 322 323
322 1 2 13 3 323 324
323 1 2 13 3 324 325
324 1 2 13 3 325 326
325 1 2 13 3 326 327
326 1 2 13 3 327 328
327 1 2 13 3 328 329
328 1 2 13 3 329 330
329 1 2 13 3 330 331
330 1 2 13 3 331 332
331 1 2 13 3 332 333
332 1 2 13 3 333 334
333 1 2 13 3 334 335
334 1 2 13 3 335 336
335 1 2 13 3 336 337
336 1 2 13 3 337 338
337 1 2 13 3 338 339
338 1 2 13 3 339 340
339 1 2 13 3 340 341
340 1 2 13 3 341 342
341 1 2 13 3 342 343
342 1 2 13 3 343 344
343 1 2 13 3 344 345
344 1 2 13 3 345 346
345 1 2 13 3 346 347
346 1 2 13 3 347 348
347 1 2 13 3 348 349
348 1 2 13 3 349 350
349 1 2 13 3 350 351
350 1 2 13 3 351 352
351 1 2 13 3 352 353
352 1 2 13 3 353 354
353 1 2 13 3 354 355
354 1 2 13 3 355 356
355 1 2 13 3 356 357
356 1 2 13 3 357 358
357 1 2 13 3 358 359
358 1 2 13 3 359 360
359 1 2 13 3 360 361
360 1 2 13 3 361 362
361 1 2 13 3 362 363
362 1 2 13 3 363 364
363 1 2 13 3 364 365
364 1 2 13 3 365 366
365 1 2 13 3 366 367
366 1 2 13 3 367 368
367 1 2 13 3 368 369
368 1 2 13 3 369 370
369 1 2 13 3 370 371
370 1 2 13 3 371 372
371 1 2 13 3 372 373
372 1 2 13 3 373 374
373 1 2 13 3 374 375
374 1 2 13 3 375 376
375 1 2 13 3 376 377
376 1 2 13 3 377 4
377 1 2 14 4 4 378
378 1 2 14 4 378 379
379 1 2 14 4 379 380
380 1 2 14 4 380 381
381 1 2 14 4 381 382
382 1 2 14 4 382 383
383 1 2 14 4 383 384
384 1 2 14 4 384 385
385 1 2 14 4 385 386
386 1 2 14 4 386 387
387 1 2 14 4 387 388
388 1 2 14 4 388 389
389 1 2 14 4 389 390
390 1 2 14 4 390 391
391 1 2 14 4 391 392
392 1 2 14 4 392 393
393 1 2 14 4 393 394
394 1 2 14 4 394 395
395 1 2 14 4 395 396
396 1 2 14 4 396 397
397 1 2 14 4 397 398
398 1 2 14 4 398 399
399 1 2 14 4 399 400
400 1 2 14 4 400 401
401 1 2 14 4 401 402
402 1 2 14 4 402 403
403 1 2 14 4 403 404
404 1 2 14 4 404 405
405 1 2 14 4 405 406
406 1 2 14 4 406 407
407 1 2 14 4 407 408
408 1 2 14 4 408 409
409 1 2 14 4 409 410
410 1 2 14 4 410 411
411 1 2 14 4 411 412
412 1 2 14 4 412 413
413 1 2 14 4 413 414
414 1 2 14 4 414 415
415 1 2 14 4 415 416
416 1 2 14 4 416 417
417 1 2 14 4 417 418
418 1 2 14 4 418 1
419 2 2 1 20 1511 1741 462
420 2 2 1 20 503 1700 1507
421 2 2 1 20 1340 1584 1417
422 2 2 1 20 1340 1417 851
423 2 2 1 20 975 1462 946
424 2 2 1 20 1508 1700 429
425 2 2 1 20 1534 1725 426
426 2 2 1 20 515 911 516
427 2 2 1 20 830 921 911
428 2 2 1 20 1019 1713 1360
429 2 2 1 20 474 1743 1552
430 2 2 1 20 1526 1689 1482
431 2 2 1 20 1556 1734 464
432 2 2 1 20 1002 1540 1368
433 2 2 1 20 953 1036 449
434 2 2 1 20 514 994 947
435 2 2 1 20 538 1421 1347
436 2 2 1 20 849 968 880
437 2 2 1 20 911 976 516
438 2 2 1 20 1025 1431 1016
439 2 2 1 20 961 1397 808
440 2 2 1 20 974 979 865
441 2 2 1 20 929 1710 1503
442 2 2 1 20 1036 1623 741
443 2 2 1 20 859 1598 819
444 2 2 1 20 512 1143 1059
445 2 2 1 20 917 1616 506
446 2 2 1 20 1363 1421 495
447 2 2 1 20 953 1623 1036
448 2 2 1 20 947 1005 514
449 2 2 1 20 1021 1026 1025
450 2 2 1 20 997 1561 1527
451 2 2 1 20 911 1559 976
452 2 2 1 20 495 1420 1363
453 2 2 1 20 1401 1520 1519
454 2 2 1 20 1016 1431 1022
455 2 2 1 20 1559 1653 976
456 2 2 1 20 941 1667 437
457 2 2 1 20 997 1527 1476
458 2 2 1 20 1465 1578 950
459 2 2 1 20 764 1337 932
460 2 2 1 20 851 1423 1340
461 2 2 1 20 1569 1609 1571
462 2 2 1 20 206 1261 485
463 2 2 1 20 1380 1573 1026
464 2 2 1 20 1362 1435 434
465 2 2 1 20 1002 1368 818
466 2 2 1 20 735 1005 789
467 2 2 1 20 1282 1372 910
468 2 2 1 20 1429 1582 1037
469 2 2 1 20 984 985 704
470 2 2 1 20 1571 1609 1031
471 2 2 1 20 1347 1421 1363
472 2 2 1 20 1033 1353 536
473 2 2 1 20 910 1707 1383
474 2 2 1 20 554 1447 1446
475 2 2 1 20 437 1667 523
476 2 2 1 20 1022 1023 1019
477 2 2 1 20 921 1559 911
478 2 2 1 20 595 1079 594
479 2 2 1 20 944 1674 1455
480 2 2 1 20 977 1651 442
481 2 2 1 20 1589 1633 1382
482 2 2 1 20 477 531 129
483 2 2 1 20 120 518 439
484 2 2 1 20 132 963 477
485 2 2 1 20 437 522 23
486 2 2 1 20 105 513 441
487 2 2 1 20 450 513 108
488 2 2 1 20 26 517 437
489 2 2 1 20 50 520 423
490 2 2 1 20 440 834 86
491 2 2 1 20 126 531 446
492 2 2 1 20 442 524 69
493 2 2 1 20 137 511 419
494 2 2 1 20 33 515 443
495 2 2 1 20 435 520 53
496 2 2 1 20 446 518 123
497 2 2 1 20 479 830 42
498 2 2 1 20 56 965 435
499 2 2 1 20 420 964 145
500 2 2 1 20 148 509 420
501 2 2 1 20 20 522 455
502 2 2 1 20 423 827 47
503 2 2 1 20 516 998 833
504 2 2 1 20 66 1560 445
505 2 2 1 20 524 1560 66
506 2 2 1 20 968 1601 880
507 2 2 1 20 1371 1373 720
508 2 2 1 20 598 1079 595
509 2 2 1 20 987 1442 1440
510 2 2 1 20 501 1578 1465
511 2 2 1 20 661 1379 973
512 2 2 1 20 535 1424 1325
513 2 2 1 20 1247 1334 485
514 2 2 1 20 394 855 465
515 2 2 1 20 413 559 506
516 2 2 1 20 1236 1427 1335
517 2 2 1 20 917 1655 1616
518 2 2 1 20 1059 1143 861
519 2 2 1 20 720 1372 1371
520 2 2 1 20 871 1051 956
521 2 2 1 20 918 1749 967
522 2 2 1 20 1287 1288 530
523 2 2 1 20 1355 1485 544
524 2 2 1 20 1057 1402 1056
525 2 2 1 20 989 1051 871
526 2 2 1 20 1403 1740 846
527 2 2 1 20 1097 1098 844
528 2 2 1 20 825 1698 955
529 2 2 1 20 1365 1414 494
530 2 2 1 20 1037 1582 862
531 2 2 1 20 462 1741 1544
532 2 2 1 20 519 1342 518
533 2 2 1 20 469 1520 1400
534 2 2 1 20 781 1692 914
535 2 2 1 20 808 1640 961
536 2 2 1 20 529 1289 1286
537 2 2 1 20 1016 1022 1019
538 2 2 1 20 983 984 704
539 2 2 1 20 442 1651 525
540 2 2 1 20 950 1593 1465
541 2 2 1 20 742 1008 981
542 2 2 1 20 1400 1520 1401
543 2 2 1 20 866 974 865
544 2 2 1 20 1027 1380 1026
545 2 2 1 20 969 1601 968
546 2 2 1 20 970 1641 1471
547 2 2 1 20 433 1486 1051
548 2 2 1 20 931 1710 929
549 2 2 1 20 1522 1614 1531
550 2 2 1 20 798 954 850
551 2 2 1 20 816 931 929
552 2 2 1 20 165 487 164
553 2 2 1 20 836 911 515
554 2 2 1 20 829 977 442
555 2 2 1 20 830 911 444
556 2 2 1 20 823 953 449
557 2 2 1 20 536 1354 1033
558 2 2 1 20 1363 1420 1365
559 2 2 1 20 452 1416 1326
560 2 2 1 20 1021 1025 1014
561 2 2 1 20 795 928 895
562 2 2 1 20 914 1356 907
563 2 2 1 20 781 914 907
564 2 2 1 20 1527 1689 1526
565 2 2 1 20 1031 1604 1571
566 2 2 1 20 1381 1589 1382
567 2 2 1 20 981 1008 821
568 2 2 1 20 429 1700 1538
569 2 2 1 20 449 1036 837
570 2 2 1 20 853 1538 972
571 2 2 1 20 955 1488 825
572 2 2 1 20 425 1458 1443
573 2 2 1 20 494 1633 1365
574 2 2 1 20 1552 1743 1553
575 2 2 1 20 1470 1601 1469
576 2 2 1 20 798 1038 954
577 2 2 1 20 988 1686 877
578 2 2 1 20 1014 1025 1016
579 2 2 1 20 426 1725 1529
580 2 2 1 20 1281 1282 910
581 2 2 1 20 946 1630 975
582 2 2 1 20 1614 1665 1460
583 2 2 1 20 943 1674 944
584 2 2 1 20 805 950 948
585 2 2 1 20 447 1650 151
586 2 2 1 20 1437 1659 1438
587 2 2 1 20 543 1553 1493
588 2 2 1 20 1076 1342 519
589 2 2 1 20 1022 1325 1023
590 2 2 1 20 1659 1734 1556
591 2 2 1 20 1576 1627 498
592 2 2 1 20 617 1053 619
593 2 2 1 20 1548 1700 503
594 2 2 1 20 471 981 821
595 2 2 1 20 833 998 941
596 2 2 1 20 1469 1601 969
597 2 2 1 20 856 1003 970
598 2 2 1 20 151 1650 509
599 2 2 1 20 1515 1590 1496
600 2 2 1 20 952 1693 1493
601 2 2 1 20 997 1476 1467
602 2 2 1 20 1344 1422 537
603 2 2 1 20 973 1053 661
604 2 2 1 20 950 1578 948
605 2 2 1 20 514 1395 513
606 2 2 1 20 965 986 754
607 2 2 1 20 844 1668 1097
608 2 2 1 20 789 1005 947
609 2 2 1 20 881 1005 735
610 2 2 1 20 970 1471 969
611 2 2 1 20 928 1390 895
612 2 2 1 20 929 1649 815
613 2 2 1 20 849 995 968
614 2 2 1 20 793 895 856
615 2 2 1 20 896 1651 1580
616 2 2 1 20 207 1261 206
617 2 2 1 20 478 1736 140
618 2 2 1 20 886 943 884
619 2 2 1 20 580 1041 581
620 2 2 1 20 1051 1524 433
621 2 2 1 20 1498 1635 436
622 2 2 1 20 932 1337 1045
623 2 2 1 20 819 1684 805
624 2 2 1 20 862 1582 826
625 2 2 1 20 1326 1354 452
626 2 2 1 20 1440 1443 987
627 2 2 1 20 1026 1033 1025
628 2 2 1 20 1347 1639 538
629 2 2 1 20 1353 1425 536
630 2 2 1 20 905 942 902
631 2 2 1 20 795 1594 928
632 2 2 1 20 944 1670 854
633 2 2 1 20 982 1084 760
634 2 2 1 20 748 957 926
635 2 2 1 20 1056 1402 846
636 2 2 1 20 211 1331 210
637 2 2 1 20 1423 1639 1340
638 2 2 1 20 984 990 985
639 2 2 1 20 981 1722 742
640 2 2 1 20 1388 1396 913
641 2 2 1 20 897 987 877
642 2 2 1 20 1580 1651 977
643 2 2 1 20 1021 1027 1026
644 2 2 1 20 1369 1406 746
645 2 2 1 20 853 972 785
646 2 2 1 20 480 986 965
647 2 2 1 20 857 970 969
648 2 2 1 20 434 1546 1362
649 2 2 1 20 1030 1385 1032
650 2 2 1 20 530 1637 1287
651 2 2 1 20 1474 1475 880
652 2 2 1 20 945 1397 834
653 2 2 1 20 424 1682 1412
654 2 2 1 20 826 1582 945
655 2 2 1 20 727 1565 912
656 2 2 1 20 1368 1540 922
657 2 2 1 20 440 945 834
658 2 2 1 20 517 941 437
659 2 2 1 20 856 970 857
660 2 2 1 20 895 1648 856
661 2 2 1 20 463 1652 1600
662 2 2 1 20 1261 1575 485
663 2 2 1 20 1369 1619 908
664 2 2 1 20 948 1410 949
665 2 2 1 20 816 929 815
666 2 2 1 20 140 1736 511
667 2 2 1 20 909 1009 906
668 2 2 1 20 506 1616 842
669 2 2 1 20 825 1664 490
670 2 2 1 20 1009 1630 906
671 2 2 1 20 549 1695 1392
672 2 2 1 20 544 1487 1355
673 2 2 1 20 785 952 783
674 2 2 1 20 1398 1477 475
675 2 2 1 20 946 1730 906
676 2 2 1 20 1286 1611 529
677 2 2 1 20 850 971 797
678 2 2 1 20 932 1672 764
679 2 2 1 20 704 1136 983
680 2 2 1 20 532 1584 1340
681 2 2 1 20 1066 1379 661
682 2 2 1 20 740 1058 1057
683 2 2 1 20 1325 1424 1370
684 2 2 1 20 805 948 804
685 2 2 1 20 942 1044 901
686 2 2 1 20 967 1595 975
687 2 2 1 20 905 1046 942
688 2 2 1 20 926 1048 927
689 2 2 1 20 1397 1681 808
690 2 2 1 20 537 1380 1344
691 2 2 1 20 873 989 871
692 2 2 1 20 1501 1543 1407
693 2 2 1 20 898 1728 962
694 2 2 1 20 1380 1418 456
695 2 2 1 20 1012 1021 1014
696 2 2 1 20 1247 1583 1334
697 2 2 1 20 1236 1612 1427
698 2 2 1 20 740 1057 1056
699 2 2 1 20 748 926 749
700 2 2 1 20 727 912 719
701 2 2 1 20 728 1592 1279
702 2 2 1 20 8 1615 533
703 2 2 1 20 486 1615 8
704 2 2 1 20 925 1701 1660
705 2 2 1 20 907 1749 918
706 2 2 1 20 661 1053 617
707 2 2 1 20 815 1649 930
708 2 2 1 20 1403 1490 534
709 2 2 1 20 1066 1701 925
710 2 2 1 20 523 1667 1142
711 2 2 1 20 871 956 869
712 2 2 1 20 878 897 877
713 2 2 1 20 1600 1652 1392
714 2 2 1 20 926 927 749
715 2 2 1 20 30 833 29
716 2 2 1 20 94 837 93
717 2 2 1 20 90 826 89
718 2 2 1 20 81 832 80
719 2 2 1 20 908 1619 922
720 2 2 1 20 386 845 385
721 2 2 1 20 884 944 854
722 2 2 1 20 943 944 884
723 2 2 1 20 1279 1657 728
724 2 2 1 20 518 1342 439
725 2 2 1 20 857 969 968
726 2 2 1 20 760 1588 982
727 2 2 1 20 994 1664 825
728 2 2 1 20 1340 1639 1345
729 2 2 1 20 1012 1028 1021
730 2 2 1 20 781 907 782
731 2 2 1 20 849 1387 995
732 2 2 1 20 902 942 901
733 2 2 1 20 467 1286 1285
734 2 2 1 20 1044 1549 1434
735 2 2 1 20 211 1666 1331
736 2 2 1 20 485 1575 1247
737 2 2 1 20 795 895 793
738 2 2 1 20 886 997 943
739 2 2 1 20 848 1699 816
740 2 2 1 20 526 1258 1256
741 2 2 1 20 1319 1565 913
742 2 2 1 20 785 1694 952
743 2 2 1 20 1401 1519 500
744 2 2 1 20 948 949 804
745 2 2 1 20 956 1355 974
746 2 2 1 20 1391 1439 459
747 2 2 1 20 1319 1357 912
748 2 2 1 20 1343 1361 867
749 2 2 1 20 525 1128 992
750 2 2 1 20 619 1053 622
751 2 2 1 20 1006 1409 951
752 2 2 1 20 1362 1546 1441
753 2 2 1 20 837 862 491
754 2 2 1 20 901 1728 898
755 2 2 1 20 987 1443 988
756 2 2 1 20 907 918 782
757 2 2 1 20 1479 1715 1448
758 2 2 1 20 1335 1574 1236
759 2 2 1 20 872 873 871
760 2 2 1 20 1522 1624 991
761 2 2 1 20 955 1698 1342
762 2 2 1 20 1108 1596 925
763 2 2 1 20 1256 1259 526
764 2 2 1 20 1005 1395 514
765 2 2 1 20 581 1041 666
766 2 2 1 20 683 1041 580
767 2 2 1 20 1285 1287 467
768 2 2 1 20 957 1407 926
769 2 2 1 20 1524 1716 557
770 2 2 1 20 820 859 819
771 2 2 1 20 1142 1667 960
772 2 2 1 20 666 1006 1000
773 2 2 1 20 910 1384 1281
774 2 2 1 20 1325 1646 535
775 2 2 1 20 793 856 794
776 2 2 1 20 954 1413 850
777 2 2 1 20 979 1389 980
778 2 2 1 20 1501 1675 499
779 2 2 1 20 1318 1481 488
780 2 2 1 20 904 905 902
781 2 2 1 20 925 1660 1108
782 2 2 1 20 849 880 848
783 2 2 1 20 828 1043 986
784 2 2 1 20 491 862 826
785 2 2 1 20 1373 1599 1374
786 2 2 1 20 900 901 898
787 2 2 1 20 1527 1561 1049
788 2 2 1 20 898 962 897
789 2 2 1 20 755 1050 964
790 2 2 1 20 715 1429 1399
791 2 2 1 20 880 1628 848
792 2 2 1 20 993 1488 938
793 2 2 1 20 1142 1542 523
794 2 2 1 20 954 1038 802
795 2 2 1 20 783 1692 781
796 2 2 1 20 519 1348 1076
797 2 2 1 20 908 1406 1369
798 2 2 1 20 967 975 918
799 2 2 1 20 1450 1602 548
800 2 2 1 20 1635 1645 436
801 2 2 1 20 1373 1374 727
802 2 2 1 20 541 1704 1505
803 2 2 1 20 1499 1710 1512
804 2 2 1 20 1017 1570 1030
805 2 2 1 20 1041 1409 1006
806 2 2 1 20 928 1600 1392
807 2 2 1 20 1345 1347 1346
808 2 2 1 20 490 1664 839
809 2 2 1 20 1538 1700 972
810 2 2 1 20 897 1442 987
811 2 2 1 20 986 1043 745
812 2 2 1 20 786 853 785
813 2 2 1 20 938 1705 993
814 2 2 1 20 156 1620 155
815 2 2 1 20 17 1622 16
816 2 2 1 20 63 1621 62
817 2 2 1 20 727 1314 1313
818 2 2 1 20 650 1040 651
819 2 2 1 20 1446 1447 1411
820 2 2 1 20 924 1143 1050
821 2 2 1 20 164 560 163
822 2 2 1 20 507 1606 1491
823 2 2 1 20 1016 1019 1017
824 2 2 1 20 806 819 805
825 2 2 1 20 1487 1510 458
826 2 2 1 20 797 1594 795
827 2 2 1 20 742 1655 1008
828 2 2 1 20 456 1573 1380
829 2 2 1 20 962 1362 897
830 2 2 1 20 856 857 794
831 2 2 1 20 1345 1639 1347
832 2 2 1 20 827 1658 479
833 2 2 1 20 391 1626 390
834 2 2 1 20 406 1625 405
835 2 2 1 20 983 1136 813
836 2 2 1 20 1412 1673 424
837 2 2 1 20 798 850 797
838 2 2 1 20 1378 1589 1585
839 2 2 1 20 598 1393 1079
840 2 2 1 20 1498 1738 1635
841 2 2 1 20 1528 1671 1464
842 2 2 1 20 817 848 816
843 2 2 1 20 1055 1513 1444
844 2 2 1 20 1549 1656 476
845 2 2 1 20 1506 1693 1547
846 2 2 1 20 956 974 869
847 2 2 1 20 966 1724 1070
848 2 2 1 20 885 886 884
849 2 2 1 20 459 1452 1391
850 2 2 1 20 1532 1674 1466
851 2 2 1 20 832 1397 961
852 2 2 1 20 1377 1378 721
853 2 2 1 20 651 1040 667
854 2 2 1 20 999 1059 861
855 2 2 1 20 876 877 874
856 2 2 1 20 1281 1384 1244
857 2 2 1 20 1048 1689 1049
858 2 2 1 20 1055 1649 1564
859 2 2 1 20 906 1730 905
860 2 2 1 20 1443 1458 988
861 2 2 1 20 563 1377 721
862 2 2 1 20 1029 1344 1027
863 2 2 1 20 1317 1338 453
864 2 2 1 20 671 1408 1367
865 2 2 1 20 1381 1382 472
866 2 2 1 20 972 1700 1548
867 2 2 1 20 870 871 869
868 2 2 1 20 1375 1599 1373
869 2 2 1 20 846 1740 484
870 2 2 1 20 1058 1400 1057
871 2 2 1 20 869 974 866
872 2 2 1 20 1070 1405 966
873 2 2 1 20 1000 1065 666
874 2 2 1 20 1079 1654 594
875 2 2 1 20 1326 1431 1354
876 2 2 1 20 1035 1040 650
877 2 2 1 20 577 1067 1034
878 2 2 1 20 626 1361 1343
879 2 2 1 20 828 1560 1043
880 2 2 1 20 784 785 783
881 2 2 1 20 463 1600 1436
882 2 2 1 20 809 1582 1429
883 2 2 1 20 666 1041 1006
884 2 2 1 20 1410 1682 1411
885 2 2 1 20 1102 1705 940
886 2 2 1 20 1345 1346 562
887 2 2 1 20 803 805 804
888 2 2 1 20 622 1053 1052
889 2 2 1 20 930 1718 984
890 2 2 1 20 1475 1628 880
891 2 2 1 20 1032 1068 1034
892 2 2 1 20 1014 1016 1015
893 2 2 1 20 488 1679 1358
894 2 2 1 20 928 1392 1390
895 2 2 1 20 1031 1723 1604
896 2 2 1 20 864 865 860
897 2 2 1 20 995 1387 1040
898 2 2 1 20 964 1050 478
899 2 2 1 20 513 1395 441
900 2 2 1 20 561 1618 840
901 2 2 1 20 700 958 748
902 2 2 1 20 1059 1719 512
903 2 2 1 20 877 1686 874
904 2 2 1 20 1403 1606 1490
905 2 2 1 20 796 797 795
906 2 2 1 20 745 1043 744
907 2 2 1 20 938 1488 955
908 2 2 1 20 814 816 815
909 2 2 1 20 978 1538 853
910 2 2 1 20 974 1487 979
911 2 2 1 20 1058 1624 1522
912 2 2 1 20 1142 1733 1542
913 2 2 1 20 741 1037 1036
914 2 2 1 20 516 1647 998
915 2 2 1 20 1595 1715 1479
916 2 2 1 20 1416 1646 1326
917 2 2 1 20 1143 1736 1050
918 2 2 1 20 1028 1029 1027
919 2 2 1 20 1026 1353 1033
920 2 2 1 20 1000 1341 1065
921 2 2 1 20 979 980 865
922 2 2 1 20 1034 1068 577
923 2 2 1 20 837 1036 862
924 2 2 1 20 940 1629 1102
925 2 2 1 20 1495 1590 980
926 2 2 1 20 980 1704 1495
927 2 2 1 20 560 562 561
928 2 2 1 20 479 1658 921
929 2 2 1 20 1002 1658 827
930 2 2 1 20 1108 1708 899
931 2 2 1 20 930 984 983
932 2 2 1 20 1224 1287 1285
933 2 2 1 20 825 1488 994
934 2 2 1 20 1017 1581 1570
935 2 2 1 20 986 1406 754
936 2 2 1 20 1052 1361 622
937 2 2 1 20 990 1614 991
938 2 2 1 20 909 1010 1009
939 2 2 1 20 544 1510 1487
940 2 2 1 20 1399 1429 1037
941 2 2 1 20 987 988 877
942 2 2 1 20 744 1043 992
943 2 2 1 20 1400 1521 469
944 2 2 1 20 563 721 565
945 2 2 1 20 1065 1341 588
946 2 2 1 20 904 906 905
947 2 2 1 20 700 748 698
948 2 2 1 20 1512 1710 1576
949 2 2 1 20 1493 1692 952
950 2 2 1 20 575 1069 578
951 2 2 1 20 1098 1430 844
952 2 2 1 20 650 1063 1035
953 2 2 1 20 1592 1687 1283
954 2 2 1 20 1011 1012 670
955 2 2 1 20 883 884 854
956 2 2 1 20 899 1596 1108
957 2 2 1 20 569 1042 571
958 2 2 1 20 1249 1713 1587
959 2 2 1 20 1404 1523 1491
960 2 2 1 20 940 1705 938
961 2 2 1 20 1224 1288 1287
962 2 2 1 20 645 1063 647
963 2 2 1 20 1067 1352 1034
964 2 2 1 20 780 783 781
965 2 2 1 20 1358 1645 1635
966 2 2 1 20 1587 1662 1305
967 2 2 1 20 529 1583 1289
968 2 2 1 20 850 1064 971
969 2 2 1 20 567 1011 670
970 2 2 1 20 1569 1570 1020
971 2 2 1 20 489 1397 832
972 2 2 1 20 758 1350 1068
973 2 2 1 20 886 1561 997
974 2 2 1 20 1568 1586 1239
975 2 2 1 20 1012 1014 1013
976 2 2 1 20 554 1449 1447
977 2 2 1 20 583 1065 585
978 2 2 1 20 888 1647 976
979 2 2 1 20 958 1039 957
980 2 2 1 20 1543 1544 1407
981 2 2 1 20 663 1367 1010
982 2 2 1 20 806 1432 820
983 2 2 1 20 976 1653 888
984 2 2 1 20 798 1336 1038
985 2 2 1 20 971 1659 1437
986 2 2 1 20 1367 1408 1010
987 2 2 1 20 1288 1574 530
988 2 2 1 20 831 1542 1001
989 2 2 1 20 1398 1735 1477
990 2 2 1 20 663 1591 1106
991 2 2 1 20 949 1413 954
992 2 2 1 20 861 1567 999
993 2 2 1 20 1587 1713 1024
994 2 2 1 20 1068 1350 1069
995 2 2 1 20 990 991 985
996 2 2 1 20 578 1069 682
997 2 2 1 20 976 1647 516
998 2 2 1 20 1007 1359 757
999 2 2 1 20 746 1406 745
1000 2 2 1 20 1570 1571 1030
1001 2 2 1 20 1355 1486 1485
1002 2 2 1 20 577 1069 575
1003 2 2 1 20 900 902 901
1004 2 2 1 20 481 1680 401
1005 2 2 1 20 876 878 877
1006 2 2 1 20 728 1687 1592
1007 2 2 1 20 992 1560 525
1008 2 2 1 20 878 898 897
1009 2 2 1 20 670 1042 569
1010 2 2 1 20 867 1361 1052
1011 2 2 1 20 1042 1067 571
1012 2 2 1 20 870 872 871
1013 2 2 1 20 439 1698 117
1014 2 2 1 20 1015 1352 1013
1015 2 2 1 20 1382 1690 472
1016 2 2 1 20 859 1720 1590
1017 2 2 1 20 647 1063 650
1018 2 2 1 20 668 1063 645
1019 2 2 1 20 1344 1696 1422
1020 2 2 1 20 1045 1337 690
1021 2 2 1 20 803 804 802
1022 2 2 1 20 585 1065 588
1023 2 2 1 20 666 1065 583
1024 2 2 1 20 520 1540 423
1025 2 2 1 20 531 1539 446
1026 2 2 1 20 537 1418 1380
1027 2 2 1 20 962 1435 1362
1028 2 2 1 20 1072 1111 669
1029 2 2 1 20 1070 1724 757
1030 2 2 1 20 814 817 816
1031 2 2 1 20 831 1001 981
1032 2 2 1 20 1036 1037 862
1033 2 2 1 20 1030 1603 1385
1034 2 2 1 20 1363 1365 1364
1035 2 2 1 20 792 795 793
1036 2 2 1 20 1048 1049 927
1037 2 2 1 20 721 1011 565
1038 2 2 1 20 401 1680 847
1039 2 2 1 20 1073 1134 667
1040 2 2 1 20 748 749 698
1041 2 2 1 20 784 1394 786
1042 2 2 1 20 864 866 865
1043 2 2 1 20 883 885 884
1044 2 2 1 20 1466 1674 1467
1045 2 2 1 20 803 806 805
1046 2 2 1 20 1220 1288 1207
1047 2 2 1 20 1207 1288 1224
1048 2 2 1 20 1012 1013 670
1049 2 2 1 20 796 798 797
1050 2 2 1 20 780 784 783
1051 2 2 1 20 560 1721 562
1052 2 2 1 20 975 1463 1462
1053 2 2 1 20 1544 1741 1048
1054 2 2 1 20 1569 1571 1570
1055 2 2 1 20 1437 1594 971
1056 2 2 1 20 1553 1743 1356
1057 2 2 1 20 1328 1333 1253
1058 2 2 1 20 801 1111 1072
1059 2 2 1 20 1014 1015 1013
1060 2 2 1 20 1297 1333 527
1061 2 2 1 20 527 1333 1328
1062 2 2 1 20 1547 1693 1548
1063 2 2 1 20 1077 1100 665
1064 2 2 1 20 812 1134 1073
1065 2 2 1 20 899 1062 900
1066 2 2 1 20 1052 1053 973
1067 2 2 1 20 1253 1329 468
1068 2 2 1 20 1324 1329 1303
1069 2 2 1 20 527 1332 1297
1070 2 2 1 20 1081 1336 796
1071 2 2 1 20 1061 1608 606
1072 2 2 1 20 468 1329 1324
1073 2 2 1 20 814 815 813
1074 2 2 1 20 1450 1709 1602
1075 2 2 1 20 1042 1352 1067
1076 2 2 1 20 1303 1327 528
1077 2 2 1 20 468 1328 1253
1078 2 2 1 20 778 1100 1077
1079 2 2 1 20 1321 1327 1269
1080 2 2 1 20 792 796 795
1081 2 2 1 20 745 1406 986
1082 2 2 1 20 868 1052 973
1083 2 2 1 20 1402 1404 1403
1084 2 2 1 20 868 869 866
1085 2 2 1 20 1013 1042 670
1086 2 2 1 20 528 1327 1321
1087 2 2 1 20 1081 1105 664
1088 2 2 1 20 1269 1323 482
1089 2 2 1 20 1314 1374 1252
1090 2 2 1 20 528 1324 1303
1091 2 2 1 20 753 1059 999
1092 2 2 1 20 1149 1254 1214
1093 2 2 1 20 1016 1017 1015
1094 2 2 1 20 1591 1688 1106
1095 2 2 1 20 703 740 732
1096 2 2 1 20 790 1105 1081
1097 2 2 1 20 453 1338 1332
1098 2 2 1 20 741 1399 1037
1099 2 2 1 20 900 1062 903
1100 2 2 1 20 1322 1323 1254
1101 2 2 1 20 868 870 869
1102 2 2 1 20 1068 1069 577
1103 2 2 1 20 1146 1254 1149
1104 2 2 1 20 573 1067 577
1105 2 2 1 20 571 1067 573
1106 2 2 1 20 482 1323 1322
1107 2 2 1 20 1254 1323 1214
1108 2 2 1 20 1332 1338 1297
1109 2 2 1 20 724 1070 570
1110 2 2 1 20 1147 1330 1320
1111 2 2 1 20 482 1321 1269
1112 2 2 1 20 570 1070 568
1113 2 2 1 20 1148 1255 1147
1114 2 2 1 20 1178 1266 1265
1115 2 2 1 20 1260 1265 1248
1116 2 2 1 20 1178 1265 1262
1117 2 2 1 20 1265 1266 1248
1118 2 2 1 20 1178 1262 1152
1119 2 2 1 20 935 1071 939
1120 2 2 1 20 1152 1262 1150
1121 2 2 1 20 1233 1268 1264
1122 2 2 1 20 933 1071 935
1123 2 2 1 20 1075 1082 769
1124 2 2 1 20 1264 1268 1263
1125 2 2 1 20 1153 1263 1168
1126 2 2 1 20 1264 1269 1233
1127 2 2 1 20 1262 1265 1257
1128 2 2 1 20 1074 1082 1075
1129 2 2 1 20 1257 1265 1260
1130 2 2 1 20 685 1074 574
1131 2 2 1 20 1263 1268 1168
1132 2 2 1 20 1151 1263 1153
1133 2 2 1 20 1206 1262 1257
1134 2 2 1 20 685 1082 1074
1135 2 2 1 20 574 1074 572
1136 2 2 1 20 1267 1268 1231
1137 2 2 1 20 767 1082 1080
1138 2 2 1 20 1168 1268 1267
1139 2 2 1 20 1231 1268 1233
1140 2 2 1 20 1080 1082 685
1141 2 2 1 20 769 1082 767
1142 2 2 1 20 1178 1270 1266
1143 2 2 1 20 936 1076 934
1144 2 2 1 20 1154 1270 1178
1145 2 2 1 20 937 1078 940
1146 2 2 1 20 1267 1272 1168
1147 2 2 1 20 685 1083 1080
1148 2 2 1 20 1168 1272 1155
1149 2 2 1 20 1169 1308 1270
1150 2 2 1 20 576 1083 685
1151 2 2 1 20 1270 1308 1266
1152 2 2 1 20 1169 1270 1156
1153 2 2 1 20 582 1130 1083
1154 2 2 1 20 1083 1130 1080
1155 2 2 1 20 1169 1291 1271
1156 2 2 1 20 582 1083 579
1157 2 2 1 20 1155 1272 1157
1158 2 2 1 20 1271 1308 1169
1159 2 2 1 20 1267 1311 1272
1160 2 2 1 20 1158 1291 1169
1161 2 2 1 20 1272 1311 1161
1162 2 2 1 20 1162 1273 1170
1163 2 2 1 20 1273 1275 1170
1164 2 2 1 20 1311 1315 1161
1165 2 2 1 20 1159 1273 1162
1166 2 2 1 20 1161 1315 1273
1167 2 2 1 20 1164 1299 1291
1168 2 2 1 20 1275 1315 1310
1169 2 2 1 20 1185 1277 1193
1170 2 2 1 20 1291 1299 1271
1171 2 2 1 20 1274 1277 1234
1172 2 2 1 20 1184 1280 1171
1173 2 2 1 20 1164 1291 1160
1174 2 2 1 20 1170 1275 1172
1175 2 2 1 20 1172 1275 1183
1176 2 2 1 20 1216 1295 1205
1177 2 2 1 20 1193 1277 1274
1178 2 2 1 20 1235 1277 1185
1179 2 2 1 20 1276 1280 1184
1180 2 2 1 20 1212 1294 1293
1181 2 2 1 20 1171 1280 1165
1182 2 2 1 20 1205 1295 1212
1183 2 2 1 20 1210 1289 1218
1184 2 2 1 20 1216 1296 1295
1185 2 2 1 20 1176 1299 1167
1186 2 2 1 20 1212 1293 1292
1187 2 2 1 20 1192 1290 1222
1188 2 2 1 20 1276 1277 1235
1189 2 2 1 20 1235 1280 1276
1190 2 2 1 20 1275 1310 1183
1191 2 2 1 20 1197 1292 1196
1192 2 2 1 20 1183 1310 1195
1193 2 2 1 20 1304 1307 1213
1194 2 2 1 20 1209 1299 1176
1195 2 2 1 20 1191 1276 1184
1196 2 2 1 20 1223 1289 1210
1197 2 2 1 20 1175 1309 1235
1198 2 2 1 20 1212 1295 1294
1199 2 2 1 20 1278 1298 1182
1200 2 2 1 20 1222 1290 1242
1201 2 2 1 20 1238 1290 1192
1202 2 2 1 20 1280 1309 1165
1203 2 2 1 20 1196 1292 1203
1204 2 2 1 20 1167 1299 1164
1205 2 2 1 20 1213 1307 1306
1206 2 2 1 20 1200 1292 1197
1207 2 2 1 20 1165 1309 1163
1208 2 2 1 20 1194 1278 1182
1209 2 2 1 20 1182 1298 1181
1210 2 2 1 20 1216 1297 1296
1211 2 2 1 20 1224 1284 1188
1212 2 2 1 20 1180 1304 1213
1213 2 2 1 20 1238 1298 1279
1214 2 2 1 20 1189 1284 1223
1215 2 2 1 20 1181 1298 1186
1216 2 2 1 20 1294 1313 1293
1217 2 2 1 20 702 1140 692
1218 2 2 1 20 1234 1276 1191
1219 2 2 1 20 1202 1278 1194
1220 2 2 1 20 1250 1251 1202
1221 2 2 1 20 1212 1292 1200
1222 2 2 1 20 1235 1309 1280
1223 2 2 1 20 1180 1188 1179
1224 2 2 1 20 692 1140 694
1225 2 2 1 20 1231 1233 1232
1226 2 2 1 20 694 1096 1095
1227 2 2 1 20 1193 1274 1237
1228 2 2 1 20 1098 1140 736
1229 2 2 1 20 1251 1278 1202
1230 2 2 1 20 660 1086 657
1231 2 2 1 20 1193 1237 1225
1232 2 2 1 20 1166 1175 1173
1233 2 2 1 20 1179 1189 1176
1234 2 2 1 20 1271 1299 1209
1235 2 2 1 20 1186 1192 1191
1236 2 2 1 20 1241 1244 1243
1237 2 2 1 20 1205 1212 1200
1238 2 2 1 20 1242 1282 1281
1239 2 2 1 20 657 1086 658
1240 2 2 1 20 759 1095 761
1241 2 2 1 20 887 1139 1085
1242 2 2 1 20 1172 1183 1182
1243 2 2 1 20 1286 1289 1223
1244 2 2 1 20 1186 1298 1238
1245 2 2 1 20 1204 1301 1217
1246 2 2 1 20 1211 1271 1209
1247 2 2 1 20 1204 1205 1200
1248 2 2 1 20 694 1140 1096
1249 2 2 1 20 1175 1185 1177
1250 2 2 1 20 759 1139 1095
1251 2 2 1 20 1203 1250 1202
1252 2 2 1 20 1095 1139 887
1253 2 2 1 20 1199 1301 1204
1254 2 2 1 20 1204 1217 1215
1255 2 2 1 20 736 1140 702
1256 2 2 1 20 1089 1117 1087
1257 2 2 1 20 1112 1132 892
1258 2 2 1 20 1192 1221 1191
1259 2 2 1 20 888 1138 1088
1260 2 2 1 20 584 1130 582
1261 2 2 1 20 1227 1245 1236
1262 2 2 1 20 1180 1190 1188
1263 2 2 1 20 688 1117 1089
1264 2 2 1 20 893 1113 1112
1265 2 2 1 20 1292 1293 1203
1266 2 2 1 20 590 1099 587
1267 2 2 1 20 1229 1230 1201
1268 2 2 1 20 658 1086 1085
1269 2 2 1 20 697 1087 679
1270 2 2 1 20 772 1133 1088
1271 2 2 1 20 1088 1133 1089
1272 2 2 1 20 760 1084 725
1273 2 2 1 20 658 1085 680
1274 2 2 1 20 1190 1207 1188
1275 2 2 1 20 1189 1223 1210
1276 2 2 1 20 1166 1173 1167
1277 2 2 1 20 1207 1224 1188
1278 2 2 1 20 1189 1210 1209
1279 2 2 1 20 1095 1096 761
1280 2 2 1 20 1196 1202 1194
1281 2 2 1 20 1250 1252 1251
1282 2 2 1 20 1198 1199 1197
1283 2 2 1 20 690 1099 590
1284 2 2 1 20 893 1112 892
1285 2 2 1 20 738 1087 697
1286 2 2 1 20 1172 1182 1181
1287 2 2 1 20 591 1100 593
1288 2 2 1 20 587 1099 586
1289 2 2 1 20 1199 1200 1197
1290 2 2 1 20 686 1086 660
1291 2 2 1 20 1135 1137 1092
1292 2 2 1 20 1227 1236 1220
1293 2 2 1 20 1102 1118 889
1294 2 2 1 20 1089 1133 688
1295 2 2 1 20 1185 1187 1177
1296 2 2 1 20 585 588 587
1297 2 2 1 20 1113 1127 1103
1298 2 2 1 20 1193 1225 1187
1299 2 2 1 20 674 1136 675
1300 2 2 1 20 648 1093 770
1301 2 2 1 20 609 1107 611
1302 2 2 1 20 678 1091 638
1303 2 2 1 20 662 1108 1107
1304 2 2 1 20 734 881 735
1305 2 2 1 20 602 677 600
1306 2 2 1 20 608 1090 605
1307 2 2 1 20 712 713 672
1308 2 2 1 20 593 596 595
1309 2 2 1 20 596 671 597
1310 2 2 1 20 603 606 605
1311 2 2 1 20 612 672 610
1312 2 2 1 20 619 622 621
1313 2 2 1 20 778 779 671
1314 2 2 1 20 1087 1117 679
1315 2 2 1 20 688 1133 1093
1316 2 2 1 20 717 734 718
1317 2 2 1 20 726 1084 916
1318 2 2 1 20 812 814 813
1319 2 2 1 20 604 1118 602
1320 2 2 1 20 1090 1101 604
1321 2 2 1 20 624 1120 621
1322 2 2 1 20 1110 1123 747
1323 2 2 1 20 747 1128 1110
1324 2 2 1 20 947 994 993
1325 2 2 1 20 1221 1234 1191
1326 2 2 1 20 588 589 587
1327 2 2 1 20 665 1100 591
1328 2 2 1 20 589 665 591
1329 2 2 1 20 599 663 601
1330 2 2 1 20 607 662 609
1331 2 2 1 20 1183 1194 1182
1332 2 2 1 20 616 1116 613
1333 2 2 1 20 649 1093 648
1334 2 2 1 20 601 1106 603
1335 2 2 1 20 780 781 779
1336 2 2 1 20 1109 1124 1115
1337 2 2 1 20 642 1137 1132
1338 2 2 1 20 659 1134 812
1339 2 2 1 20 1109 1115 1114
1340 2 2 1 20 1189 1209 1176
1341 2 2 1 20 1114 1120 624
1342 2 2 1 20 664 1105 639
1343 2 2 1 20 687 1092 646
1344 2 2 1 20 722 807 695
1345 2 2 1 20 709 891 711
1346 2 2 1 20 1132 1137 892
1347 2 2 1 20 1104 1123 1110
1348 2 2 1 20 1185 1193 1187
1349 2 2 1 20 1190 1300 1208
1350 2 2 1 20 1227 1246 1245
1351 2 2 1 20 639 1105 641
1352 2 2 1 20 675 1136 693
1353 2 2 1 20 709 1129 891
1354 2 2 1 20 743 756 738
1355 2 2 1 20 1192 1222 1221
1356 2 2 1 20 1199 1204 1200
1357 2 2 1 20 1231 1232 1230
1358 2 2 1 20 625 1109 624
1359 2 2 1 20 637 1122 664
1360 2 2 1 20 639 640 638
1361 2 2 1 20 655 656 654
1362 2 2 1 20 680 699 697
1363 2 2 1 20 680 705 699
1364 2 2 1 20 680 1085 705
1365 2 2 1 20 701 720 719
1366 2 2 1 20 767 1080 765
1367 2 2 1 20 787 1089 1087
1368 2 2 1 20 790 792 791
1369 2 2 1 20 891 1129 1091
1370 2 2 1 20 1112 1113 1103
1371 2 2 1 20 677 1118 1102
1372 2 2 1 20 1225 1239 1226
1373 2 2 1 20 644 668 645
1374 2 2 1 20 675 686 660
1375 2 2 1 20 801 802 676
1376 2 2 1 20 687 1135 1092
1377 2 2 1 20 762 763 691
1378 2 2 1 20 707 759 725
1379 2 2 1 20 1195 1197 1196
1380 2 2 1 20 651 652 649
1381 2 2 1 20 655 1134 659
1382 2 2 1 20 674 675 660
1383 2 2 1 20 699 1141 737
1384 2 2 1 20 732 736 702
1385 2 2 1 20 717 741 734
1386 2 2 1 20 730 745 744
1387 2 2 1 20 763 766 765
1388 2 2 1 20 770 772 771
1389 2 2 1 20 1183 1195 1194
1390 2 2 1 20 1239 1249 1226
1391 2 2 1 20 647 649 648
1392 2 2 1 20 651 653 652
1393 2 2 1 20 655 657 656
1394 2 2 1 20 707 725 708
1395 2 2 1 20 759 760 725
1396 2 2 1 20 663 1106 601
1397 2 2 1 20 615 661 617
1398 2 2 1 20 623 625 624
1399 2 2 1 20 681 1124 630
1400 2 2 1 20 638 1091 636
1401 2 2 1 20 637 664 639
1402 2 2 1 20 640 678 638
1403 2 2 1 20 639 641 640
1404 2 2 1 20 647 650 649
1405 2 2 1 20 701 719 700
1406 2 2 1 20 1103 1127 891
1407 2 2 1 20 586 762 691
1408 2 2 1 20 643 1092 642
1409 2 2 1 20 658 680 679
1410 2 2 1 20 716 1124 681
1411 2 2 1 20 765 1130 691
1412 2 2 1 20 756 787 738
1413 2 2 1 20 811 892 810
1414 2 2 1 20 589 590 587
1415 2 2 1 20 593 594 592
1416 2 2 1 20 593 1100 596
1417 2 2 1 20 597 598 595
1418 2 2 1 20 596 778 671
1419 2 2 1 20 602 1118 677
1420 2 2 1 20 603 1106 606
1421 2 2 1 20 615 616 613
1422 2 2 1 20 1092 1137 642
1423 2 2 1 20 646 1092 643
1424 2 2 1 20 653 654 652
1425 2 2 1 20 680 697 679
1426 2 2 1 20 693 703 702
1427 2 2 1 20 718 1094 714
1428 2 2 1 20 1104 1115 716
1429 2 2 1 20 716 1123 1104
1430 2 2 1 20 725 1084 726
1431 2 2 1 20 726 742 739
1432 2 2 1 20 732 959 736
1433 2 2 1 20 746 1127 1113
1434 2 2 1 20 766 768 767
1435 2 2 1 20 1088 1089 787
1436 2 2 1 20 788 1101 1094
1437 2 2 1 20 810 1137 1135
1438 2 2 1 20 889 1118 1101
1439 2 2 1 20 1125 1126 894
1440 2 2 1 20 1241 1243 1240
1441 2 2 1 20 1109 1114 624
1442 2 2 1 20 630 1124 628
1443 2 2 1 20 673 1126 1125
1444 2 2 1 20 678 1103 1091
1445 2 2 1 20 709 710 681
1446 2 2 1 20 703 732 702
1447 2 2 1 20 730 744 729
1448 2 2 1 20 992 1128 747
1449 2 2 1 20 792 793 791
1450 2 2 1 20 645 646 643
1451 2 2 1 20 655 659 657
1452 2 2 1 20 694 887 686
1453 2 2 1 20 705 706 699
1454 2 2 1 20 725 726 708
1455 2 2 1 20 1093 1133 770
1456 2 2 1 20 1174 1179 1176
1457 2 2 1 20 1242 1283 1282
1458 2 2 1 20 620 1120 689
1459 2 2 1 20 632 1129 709
1460 2 2 1 20 693 704 703
1461 2 2 1 20 694 1095 887
1462 2 2 1 20 768 769 767
1463 2 2 1 20 772 773 771
1464 2 2 1 20 775 818 776
1465 2 2 1 20 1114 1115 800
1466 2 2 1 20 800 1121 1114
1467 2 2 1 20 1094 1101 1090
1468 2 2 1 20 1090 1119 1094
1469 2 2 1 20 603 604 602
1470 2 2 1 20 605 1090 604
1471 2 2 1 20 608 1119 1090
1472 2 2 1 20 612 712 672
1473 2 2 1 20 616 1125 1116
1474 2 2 1 20 619 620 618
1475 2 2 1 20 620 689 673
1476 2 2 1 20 623 624 621
1477 2 2 1 20 629 630 628
1478 2 2 1 20 629 1111 631
1479 2 2 1 20 633 1129 632
1480 2 2 1 20 632 709 681
1481 2 2 1 20 644 790 668
1482 2 2 1 20 648 687 646
1483 2 2 1 20 675 692 686
1484 2 2 1 20 689 696 695
1485 2 2 1 20 807 1126 695
1486 2 2 1 20 696 723 722
1487 2 2 1 20 696 1121 731
1488 2 2 1 20 699 737 697
1489 2 2 1 20 707 708 706
1490 2 2 1 20 709 711 710
1491 2 2 1 20 711 730 729
1492 2 2 1 20 712 715 713
1493 2 2 1 20 1115 1124 716
1494 2 2 1 20 735 788 718
1495 2 2 1 20 722 808 807
1496 2 2 1 20 731 800 799
1497 2 2 1 20 731 1121 800
1498 2 2 1 20 787 1087 738
1499 2 2 1 20 756 888 787
1500 2 2 1 20 766 861 768
1501 2 2 1 20 773 775 774
1502 2 2 1 20 773 777 775
1503 2 2 1 20 801 803 802
1504 2 2 1 20 1096 1098 1097
1505 2 2 1 20 693 1136 704
1506 2 2 1 20 744 992 747
1507 2 2 1 20 1163 1166 1164
1508 2 2 1 20 591 593 592
1509 2 2 1 20 593 595 594
1510 2 2 1 20 601 603 602
1511 2 2 1 20 1101 1118 604
1512 2 2 1 20 609 611 610
1513 2 2 1 20 662 1107 609
1514 2 2 1 20 619 621 620
1515 2 2 1 20 634 1111 801
1516 2 2 1 20 645 647 646
1517 2 2 1 20 650 651 649
1518 2 2 1 20 653 655 654
1519 2 2 1 20 659 674 660
1520 2 2 1 20 713 714 672
1521 2 2 1 20 689 1121 696
1522 2 2 1 20 737 738 697
1523 2 2 1 20 729 1123 710
1524 2 2 1 20 712 894 715
1525 2 2 1 20 730 746 745
1526 2 2 1 20 735 789 788
1527 2 2 1 20 775 776 774
1528 2 2 1 20 781 782 779
1529 2 2 1 20 789 890 889
1530 2 2 1 20 800 1104 799
1531 2 2 1 20 647 648 646
1532 2 2 1 20 731 733 723
1533 2 2 1 20 726 916 742
1534 2 2 1 20 743 998 756
1535 2 2 1 20 1080 1130 765
1536 2 2 1 20 1126 1131 894
1537 2 2 1 20 812 813 674
1538 2 2 1 20 675 693 692
1539 2 2 1 20 770 771 687
1540 2 2 1 20 808 809 807
1541 2 2 1 20 1175 1177 1173
1542 2 2 1 20 591 592 590
1543 2 2 1 20 599 600 598
1544 2 2 1 20 601 602 600
1545 2 2 1 20 607 608 605
1546 2 2 1 20 609 610 608
1547 2 2 1 20 611 612 610
1548 2 2 1 20 611 1107 614
1549 2 2 1 20 617 618 616
1550 2 2 1 20 621 1120 620
1551 2 2 1 20 627 628 625
1552 2 2 1 20 631 632 630
1553 2 2 1 20 631 1111 634
1554 2 2 1 20 635 636 633
1555 2 2 1 20 634 801 676
1556 2 2 1 20 637 638 636
1557 2 2 1 20 641 642 640
1558 2 2 1 20 641 1105 644
1559 2 2 1 20 648 770 687
1560 2 2 1 20 658 679 656
1561 2 2 1 20 692 694 686
1562 2 2 1 20 1120 1121 689
1563 2 2 1 20 705 707 706
1564 2 2 1 20 891 1127 711
1565 2 2 1 20 747 1123 729
1566 2 2 1 20 759 761 760
1567 2 2 1 20 762 764 763
1568 2 2 1 20 773 774 771
1569 2 2 1 20 778 780 779
1570 2 2 1 20 888 1088 787
1571 2 2 1 20 809 1131 807
1572 2 2 1 20 1110 1128 896
1573 2 2 1 20 672 1119 610
1574 2 2 1 20 612 1116 712
1575 2 2 1 20 678 1132 1112
1576 2 2 1 20 717 718 714
1577 2 2 1 20 776 811 810
1578 2 2 1 20 737 743 738
1579 2 2 1 20 1251 1279 1278
1580 2 2 1 20 651 667 653
1581 2 2 1 20 654 688 652
1582 2 2 1 20 654 1117 688
1583 2 2 1 20 657 658 656
1584 2 2 1 20 679 1117 656
1585 2 2 1 20 659 660 657
1586 2 2 1 20 813 1136 674
1587 2 2 1 20 799 896 733
1588 2 2 1 20 737 1141 960
1589 2 2 1 20 1096 1097 761
1590 2 2 1 20 589 591 590
1591 2 2 1 20 597 599 598
1592 2 2 1 20 599 601 600
1593 2 2 1 20 607 609 608
1594 2 2 1 20 611 613 612
1595 2 2 1 20 615 617 616
1596 2 2 1 20 617 619 618
1597 2 2 1 20 622 623 621
1598 2 2 1 20 626 627 625
1599 2 2 1 20 627 629 628
1600 2 2 1 20 629 631 630
1601 2 2 1 20 669 1111 629
1602 2 2 1 20 631 633 632
1603 2 2 1 20 634 635 633
1604 2 2 1 20 635 637 636
1605 2 2 1 20 637 639 638
1606 2 2 1 20 641 643 642
1607 2 2 1 20 644 645 643
1608 2 2 1 20 802 1038 676
1609 2 2 1 20 1085 1139 705
1610 2 2 1 20 744 747 729
1611 2 2 1 20 793 794 791
1612 2 2 1 20 807 1131 1126
1613 2 2 1 20 1116 1125 894
1614 2 2 1 20 678 1112 1103
1615 2 2 1 20 1222 1242 1241
1616 2 2 1 20 613 1116 612
1617 2 2 1 20 628 1124 1109
1618 2 2 1 20 1038 1122 676
1619 2 2 1 20 693 702 692
1620 2 2 1 20 726 739 708
1621 2 2 1 20 1094 1119 714
1622 2 2 1 20 734 735 718
1623 2 2 1 20 776 810 774
1624 2 2 1 20 889 1101 788
1625 2 2 1 20 1104 1110 799
1626 2 2 1 20 890 1102 889
1627 2 2 1 20 611 614 613
1628 2 2 1 20 627 669 629
1629 2 2 1 20 634 676 635
1630 2 2 1 20 641 644 643
1631 2 2 1 20 656 1117 654
1632 2 2 1 20 790 791 668
1633 2 2 1 20 701 758 720
1634 2 2 1 20 705 1139 707
1635 2 2 1 20 799 1110 896
1636 2 2 1 20 1186 1238 1192
1637 2 2 1 20 673 1125 618
1638 2 2 1 20 1091 1129 636
1639 2 2 1 20 659 812 674
1640 2 2 1 20 695 1126 673
1641 2 2 1 20 710 716 681
1642 2 2 1 20 1175 1235 1185
1643 2 2 1 20 1195 1196 1194
1644 2 2 1 20 592 690 590
1645 2 2 1 20 628 1109 625
1646 2 2 1 20 631 634 633
1647 2 2 1 20 636 1129 633
1648 2 2 1 20 635 1122 637
1649 2 2 1 20 652 1093 649
1650 2 2 1 20 713 717 714
1651 2 2 1 20 789 947 890
1652 2 2 1 20 1091 1103 891
1653 2 2 1 20 714 1119 672
1654 2 2 1 20 1198 1228 1201
1655 2 2 1 20 585 587 586
1656 2 2 1 20 610 1119 608
1657 2 2 1 20 632 681 630
1658 2 2 1 20 644 1105 790
1659 2 2 1 20 688 1093 652
1660 2 2 1 20 696 731 723
1661 2 2 1 20 712 1116 894
1662 2 2 1 20 731 799 733
1663 2 2 1 20 620 673 618
1664 2 2 1 20 623 626 625
1665 2 2 1 20 689 695 673
1666 2 2 1 20 696 722 695
1667 2 2 1 20 737 960 743
1668 2 2 1 20 1196 1203 1202
1669 2 2 1 20 766 767 765
1670 2 2 1 20 1096 1140 1098
1671 2 2 1 20 1114 1121 1120
1672 2 2 1 20 586 691 584
1673 2 2 1 20 618 1125 616
1674 2 2 1 20 711 729 710
1675 2 2 1 20 710 1123 716
1676 2 2 1 20 894 1131 715
1677 2 2 1 20 788 1094 718
1678 2 2 1 20 730 1127 746
1679 2 2 1 20 789 889 788
1680 2 2 1 20 811 893 892
1681 2 2 1 20 770 1133 772
1682 2 2 1 20 1210 1211 1209
1683 2 2 1 20 763 765 691
1684 2 2 1 20 800 1115 1104
1685 2 2 1 20 1141 1142 960
1686 2 2 1 20 1204 1215 1205
1687 2 2 1 20 892 1137 810
1688 2 2 1 20 1180 1213 1190
1689 2 2 1 20 1371 1372 1282
1690 2 2 1 20 596 1100 778
1691 2 2 1 20 676 1122 635
1692 2 2 1 20 768 924 769
1693 2 2 1 20 1170 1171 1165
1694 2 2 1 20 1195 1198 1197
1695 2 2 1 20 1198 1201 1199
1696 2 2 1 20 947 993 890
1697 2 2 1 20 1181 1184 1171
1698 2 2 1 20 691 1130 584
1699 2 2 1 20 771 1135 687
1700 2 2 1 20 706 1141 699
1701 2 2 1 20 711 1127 730
1702 2 2 1 20 810 1135 774
1703 2 2 1 20 1088 1138 772
1704 2 2 1 20 596 597 595
1705 2 2 1 20 603 605 604
1706 2 2 1 20 606 607 605
1707 2 2 1 20 614 615 613
1708 2 2 1 20 1085 1086 887
1709 2 2 1 20 585 586 584
1710 2 2 1 20 707 1139 759
1711 2 2 1 20 774 1135 771
1712 2 2 1 20 653 1134 655
1713 2 2 1 20 640 1132 678
1714 2 2 1 20 684 701 700
1715 2 2 1 20 1141 1144 1142
1716 2 2 1 20 586 1099 762
1717 2 2 1 20 1186 1191 1184
1718 2 2 1 20 1232 1303 1302
1719 2 2 1 20 667 1134 653
1720 2 2 1 20 642 1132 640
1721 2 2 1 20 1170 1172 1171
1722 2 2 1 20 1229 1267 1231
1723 2 2 1 20 1174 1176 1167
1724 2 2 1 20 1217 1253 1215
1725 2 2 1 20 1222 1241 1240
1726 2 2 1 20 1242 1281 1241
1727 2 2 1 20 1283 1371 1282
1728 2 2 1 20 1172 1181 1171
1729 2 2 1 20 1181 1186 1184
1730 2 2 1 20 1228 1229 1201
1731 2 2 1 20 1229 1231 1230
1732 2 2 1 20 772 1138 773
1733 2 2 1 20 773 1138 777
1734 2 2 1 20 887 1086 686
1735 2 2 1 20 1222 1240 1221
1736 2 2 1 20 1179 1284 1189
1737 2 2 1 20 706 1144 1141
1738 2 2 1 20 739 1144 708
1739 2 2 1 20 1201 1301 1199
1740 2 2 1 20 708 1144 706
1741 2 2 1 20 861 1143 768
1742 2 2 1 20 1247 1248 1219
1743 2 2 1 20 1213 1300 1190
1744 2 2 1 20 1210 1218 1211
1745 2 2 1 20 1218 1247 1219
1746 2 2 1 20 768 1143 924
1747 2 2 1 20 1279 1298 1278
1748 2 2 1 20 1208 1227 1220
1749 2 2 1 20 1190 1208 1207
1750 2 2 1 20 1173 1174 1167
1751 2 2 1 20 1215 1216 1205
1752 2 2 1 20 1242 1290 1283
1753 2 2 1 20 1174 1180 1179
1754 2 2 1 20 1239 1360 1249
1755 2 2 1 20 1177 1307 1304
1756 2 2 1 20 1225 1226 1187
1757 2 2 1 20 684 700 698
1758 2 2 1 20 1285 1286 1223
1759 2 2 1 20 583 585 584
1760 2 2 1 20 1166 1309 1175
1761 2 2 1 20 1162 1170 1165
1762 2 2 1 20 1218 1219 1211
1763 2 2 1 20 1241 1281 1244
1764 2 2 1 20 1166 1167 1164
1765 2 2 1 20 1208 1220 1207
1766 2 2 1 20 1188 1284 1179
1767 2 2 1 20 1162 1165 1163
1768 2 2 1 20 1250 1314 1252
1769 2 2 1 20 1248 1266 1219
1770 2 2 1 20 1300 1305 1208
1771 2 2 1 20 1230 1301 1201
1772 2 2 1 20 1234 1277 1276
1773 2 2 1 20 1195 1310 1198
1774 2 2 1 20 1163 1164 1160
1775 2 2 1 20 1208 1305 1227
1776 2 2 1 20 1301 1302 1217
1777 2 2 1 20 1213 1306 1300
1778 2 2 1 20 1284 1285 1223
1779 2 2 1 20 1232 1302 1230
1780 2 2 1 20 1227 1305 1246
1781 2 2 1 20 1177 1304 1173
1782 2 2 1 20 1306 1307 1226
1783 2 2 1 20 1293 1313 1312
1784 2 2 1 20 581 666 583
1785 2 2 1 20 1174 1304 1180
1786 2 2 1 20 583 584 582
1787 2 2 1 20 684 698 683
1788 2 2 1 20 1224 1285 1284
1789 2 2 1 20 1163 1309 1166
1790 2 2 1 20 1173 1304 1174
1791 2 2 1 20 1230 1302 1301
1792 2 2 1 20 1249 1306 1226
1793 2 2 1 20 1273 1315 1275
1794 2 2 1 20 1187 1307 1177
1795 2 2 1 20 1162 1163 1160
1796 2 2 1 20 1226 1307 1187
1797 2 2 1 20 1228 1311 1229
1798 2 2 1 20 1211 1308 1271
1799 2 2 1 20 1198 1310 1228
1800 2 2 1 20 1229 1311 1267
1801 2 2 1 20 1266 1308 1219
1802 2 2 1 20 1312 1314 1250
1803 2 2 1 20 1219 1308 1211
1804 2 2 1 20 682 684 683
1805 2 2 1 20 581 583 582
1806 2 2 1 20 1203 1312 1250
1807 2 2 1 20 1293 1312 1203
1808 2 2 1 20 1157 1272 1161
1809 2 2 1 20 1161 1273 1159
1810 2 2 1 20 1159 1162 1160
1811 2 2 1 20 1160 1291 1158
1812 2 2 1 20 581 582 579
1813 2 2 1 20 682 683 580
1814 2 2 1 20 1310 1315 1228
1815 2 2 1 20 1157 1161 1159
1816 2 2 1 20 1159 1160 1158
1817 2 2 1 20 1228 1315 1311
1818 2 2 1 20 578 682 580
1819 2 2 1 20 580 581 579
1820 2 2 1 20 1157 1159 1158
1821 2 2 1 20 1158 1169 1156
1822 2 2 1 20 578 580 579
1823 2 2 1 20 579 1083 576
1824 2 2 1 20 1157 1158 1156
1825 2 2 1 20 578 579 576
1826 2 2 1 20 955 1076 936
1827 2 2 1 20 939 1079 1078
1828 2 2 1 20 1155 1157 1156
1829 2 2 1 20 1156 1270 1154
1830 2 2 1 20 1260 1261 1259
1831 2 2 1 20 575 578 576
1832 2 2 1 20 576 685 574
1833 2 2 1 20 939 1078 937
1834 2 2 1 20 937 940 938
1835 2 2 1 20 938 955 936
1836 2 2 1 20 1153 1168 1155
1837 2 2 1 20 1155 1156 1154
1838 2 2 1 20 1257 1260 1259
1839 2 2 1 20 573 577 575
1840 2 2 1 20 575 576 574
1841 2 2 1 20 935 939 937
1842 2 2 1 20 937 938 936
1843 2 2 1 20 1153 1155 1154
1844 2 2 1 20 1154 1178 1152
1845 2 2 1 20 1257 1259 1256
1846 2 2 1 20 573 575 574
1847 2 2 1 20 1074 1075 724
1848 2 2 1 20 935 937 936
1849 2 2 1 20 1206 1257 1256
1850 2 2 1 20 1153 1154 1152
1851 2 2 1 20 1256 1258 1255
1852 2 2 1 20 1214 1264 1263
1853 2 2 1 20 573 574 572
1854 2 2 1 20 572 1074 724
1855 2 2 1 20 935 936 934
1856 2 2 1 20 1206 1256 1255
1857 2 2 1 20 1151 1153 1152
1858 2 2 1 20 1214 1263 1151
1859 2 2 1 20 571 573 572
1860 2 2 1 20 572 724 570
1861 2 2 1 20 933 935 934
1862 2 2 1 20 1045 1071 933
1863 2 2 1 20 1149 1214 1151
1864 2 2 1 20 1206 1255 1148
1865 2 2 1 20 1151 1152 1150
1866 2 2 1 20 1150 1262 1206
1867 2 2 1 20 571 572 570
1868 2 2 1 20 932 1045 933
1869 2 2 1 20 933 934 920
1870 2 2 1 20 1150 1206 1148
1871 2 2 1 20 1149 1151 1150
1872 2 2 1 20 569 571 570
1873 2 2 1 20 932 933 920
1874 2 2 1 20 1149 1150 1148
1875 2 2 1 20 569 570 568
1876 2 2 1 20 568 1070 757
1877 2 2 1 20 567 670 569
1878 2 2 1 20 919 932 920
1879 2 2 1 20 1146 1149 1148
1880 2 2 1 20 568 757 566
1881 2 2 1 20 567 569 568
1882 2 2 1 20 919 920 852
1883 2 2 1 20 753 999 919
1884 2 2 1 20 1064 1734 1659
1885 2 2 1 20 1146 1148 1147
1886 2 2 1 20 1018 1352 1015
1887 2 2 1 20 567 568 566
1888 2 2 1 20 753 919 852
1889 2 2 1 20 870 1379 872
1890 2 2 1 20 1264 1323 1269
1891 2 2 1 20 1145 1254 1146
1892 2 2 1 20 1146 1147 508
1893 2 2 1 20 1044 1656 1549
1894 2 2 1 20 664 1336 1081
1895 2 2 1 20 1232 1327 1303
1896 2 2 1 20 1269 1327 1233
1897 2 2 1 20 1013 1352 1042
1898 2 2 1 20 1258 1331 1330
1899 2 2 1 20 1365 1633 1366
1900 2 2 1 20 903 1062 1061
1901 2 2 1 20 1214 1323 1264
1902 2 2 1 20 754 1406 908
1903 2 2 1 20 1320 1330 751
1904 2 2 1 20 1255 1330 1147
1905 2 2 1 20 1217 1329 1253
1906 2 2 1 20 1303 1329 1302
1907 2 2 1 20 790 1081 792
1908 2 2 1 20 1529 1671 1528
1909 2 2 1 20 565 567 566
1910 2 2 1 20 216 1145 215
1911 2 2 1 20 220 528 219
1912 2 2 1 20 226 453 225
1913 2 2 1 20 222 468 221
1914 2 2 1 20 224 527 223
1915 2 2 1 20 219 1321 218
1916 2 2 1 20 213 751 212
1917 2 2 1 20 215 508 214
1918 2 2 1 20 218 482 217
1919 2 2 1 20 214 1320 213
1920 2 2 1 20 217 1322 216
1921 2 2 1 20 1253 1333 1215
1922 2 2 1 20 1216 1333 1297
1923 2 2 1 20 753 852 558
1924 2 2 1 20 752 1059 753
1925 2 2 1 20 510 966 879
1926 2 2 1 20 908 922 521
1927 2 2 1 20 1233 1327 1232
1928 2 2 1 20 784 786 785
1929 2 2 1 20 1330 1331 751
1930 2 2 1 20 1038 1336 1122
1931 2 2 1 20 690 1337 1099
1932 2 2 1 20 762 1337 764
1933 2 2 1 20 221 1324 220
1934 2 2 1 20 1145 1146 508
1935 2 2 1 20 1302 1329 1217
1936 2 2 1 20 1258 1330 1255
1937 2 2 1 20 223 1328 222
1938 2 2 1 20 817 1387 849
1939 2 2 1 20 1043 1560 992
1940 2 2 1 20 213 1320 751
1941 2 2 1 20 215 1145 508
1942 2 2 1 20 528 1321 219
1943 2 2 1 20 482 1322 217
1944 2 2 1 20 218 1321 482
1945 2 2 1 20 508 1320 214
1946 2 2 1 20 216 1322 1145
1947 2 2 1 20 1145 1322 1254
1948 2 2 1 20 1147 1320 508
1949 2 2 1 20 1215 1333 1216
1950 2 2 1 20 875 1066 925
1951 2 2 1 20 220 1324 528
1952 2 2 1 20 468 1324 221
1953 2 2 1 20 867 1052 868
1954 2 2 1 20 883 1341 1000
1955 2 2 1 20 225 1332 224
1956 2 2 1 20 778 1077 780
1957 2 2 1 20 1402 1403 846
1958 2 2 1 20 527 1328 223
1959 2 2 1 20 222 1328 468
1960 2 2 1 20 117 1698 824
1961 2 2 1 20 868 973 870
1962 2 2 1 20 1297 1338 1296
1963 2 2 1 20 224 1332 527
1964 2 2 1 20 453 1332 225
1965 2 2 1 20 501 1644 1578
1966 2 2 1 20 1122 1336 664
1967 2 2 1 20 1099 1337 762
1968 2 2 1 20 903 1061 1060
1969 2 2 1 20 565 566 564
1970 2 2 1 20 1024 1662 1587
1971 2 2 1 20 812 1073 814
1972 2 2 1 20 200 530 199
1973 2 2 1 20 202 467 201
1974 2 2 1 20 204 529 203
1975 2 2 1 20 206 485 205
1976 2 2 1 20 209 526 208
1977 2 2 1 20 205 1334 204
1978 2 2 1 20 199 1335 198
1979 2 2 1 20 198 1427 197
1980 2 2 1 20 995 1040 1035
1981 2 2 1 20 510 879 755
1982 2 2 1 20 752 753 558
1983 2 2 1 20 754 908 521
1984 2 2 1 20 1000 1006 885
1985 2 2 1 20 801 1072 803
1986 2 2 1 20 792 1081 796
1987 2 2 1 20 732 1056 959
1988 2 2 1 20 1588 1680 982
1989 2 2 1 20 1035 1351 858
1990 2 2 1 20 1069 1350 682
1991 2 2 1 20 920 1348 852
1992 2 2 1 20 1076 1348 934
1993 2 2 1 20 1234 1349 1274
1994 2 2 1 20 1240 1349 1221
1995 2 2 1 20 682 1350 684
1996 2 2 1 20 701 1350 758
1997 2 2 1 20 1051 1486 956
1998 2 2 1 20 530 1335 199
1999 2 2 1 20 485 1334 205
2000 2 2 1 20 1335 1427 198
2001 2 2 1 20 204 1334 529
2002 2 2 1 20 565 1011 567
2003 2 2 1 20 875 925 876
2004 2 2 1 20 467 1611 1286
2005 2 2 1 20 514 1664 994
2006 2 2 1 20 548 1602 1454
2007 2 2 1 20 867 868 866
2008 2 2 1 20 1354 1431 1033
2009 2 2 1 20 966 1405 879
2010 2 2 1 20 1073 1387 817
2011 2 2 1 20 1411 1480 1446
2012 2 2 1 20 740 1056 732
2013 2 2 1 20 690 1563 1045
2014 2 2 1 20 668 1351 1063
2015 2 2 1 20 864 1343 867
2016 2 2 1 20 791 1351 668
2017 2 2 1 20 872 874 873
2018 2 2 1 20 817 849 848
2019 2 2 1 20 903 1060 904
2020 2 2 1 20 757 1359 566
2021 2 2 1 20 1529 1725 1046
2022 2 2 1 20 906 1630 946
2023 2 2 1 20 986 1621 828
2024 2 2 1 20 1493 1731 1692
2025 2 2 1 20 1441 1442 1362
2026 2 2 1 20 955 1342 1076
2027 2 2 1 20 882 1341 883
2028 2 2 1 20 794 1351 791
2029 2 2 1 20 561 840 470
2030 2 2 1 20 475 1613 1398
2031 2 2 1 20 948 1412 1410
2032 2 2 1 20 872 1379 875
2033 2 2 1 20 857 968 858
2034 2 2 1 20 780 1077 784
2035 2 2 1 20 934 1348 920
2036 2 2 1 20 904 1060 909
2037 2 2 1 20 1221 1349 1234
2038 2 2 1 20 1392 1703 549
2039 2 2 1 20 822 1359 1007
2040 2 2 1 20 563 565 564
2041 2 2 1 20 684 1350 701
2042 2 2 1 20 1063 1351 1035
2043 2 2 1 20 806 820 819
2044 2 2 1 20 786 1394 882
2045 2 2 1 20 990 1665 1614
2046 2 2 1 20 796 1336 798
2047 2 2 1 20 995 1035 858
2048 2 2 1 20 882 883 854
2049 2 2 1 20 458 1643 1487
2050 2 2 1 20 622 1361 623
2051 2 2 1 20 477 752 558
2052 2 2 1 20 435 754 521
2053 2 2 1 20 510 755 420
2054 2 2 1 20 671 1367 597
2055 2 2 1 20 599 1367 663
2056 2 2 1 20 961 1579 915
2057 2 2 1 20 883 1000 885
2058 2 2 1 20 1032 1034 1018
2059 2 2 1 20 903 904 902
2060 2 2 1 20 512 1736 1143
2061 2 2 1 20 1020 1586 1568
2062 2 2 1 20 984 1054 990
2063 2 2 1 20 875 876 874
2064 2 2 1 20 1077 1394 784
2065 2 2 1 20 776 1368 811
2066 2 2 1 20 1113 1369 746
2067 2 2 1 20 1034 1352 1018
2068 2 2 1 20 1072 1432 806
2069 2 2 1 20 863 1343 864
2070 2 2 1 20 526 1617 1258
2071 2 2 1 20 859 1590 1515
2072 2 2 1 20 820 1432 863
2073 2 2 1 20 488 1358 1357
2074 2 2 1 20 973 1379 870
2075 2 2 1 20 465 855 844
2076 2 2 1 20 786 854 853
2077 2 2 1 20 588 1386 589
2078 2 2 1 20 1383 1385 1384
2079 2 2 1 20 882 1394 1386
2080 2 2 1 20 863 864 860
2081 2 2 1 20 1295 1388 1294
2082 2 2 1 20 975 1595 1463
2083 2 2 1 20 683 1409 1041
2084 2 2 1 20 863 1432 1428
2085 2 2 1 20 1045 1563 1071
2086 2 2 1 20 882 1386 1341
2087 2 2 1 20 1338 1396 1296
2088 2 2 1 20 383 484 382
2089 2 2 1 20 385 484 384
2090 2 2 1 20 700 1706 958
2091 2 2 1 20 948 1578 1412
2092 2 2 1 20 1384 1385 1244
2093 2 2 1 20 814 1073 817
2094 2 2 1 20 858 1351 794
2095 2 2 1 20 600 1393 598
2096 2 2 1 20 423 1540 1002
2097 2 2 1 20 558 1539 531
2098 2 2 1 20 521 1540 520
2099 2 2 1 20 446 1539 519
2100 2 2 1 20 748 958 957
2101 2 2 1 20 863 1428 1343
2102 2 2 1 20 944 1602 978
2103 2 2 1 20 566 1359 564
2104 2 2 1 20 1049 1689 1527
2105 2 2 1 20 562 563 561
2106 2 2 1 20 1010 1408 1009
2107 2 2 1 20 1355 1487 974
2108 2 2 1 20 820 860 859
2109 2 2 1 20 1001 1733 739
2110 2 2 1 20 1048 1741 1689
2111 2 2 1 20 488 1357 1318
2112 2 2 1 20 1317 1396 1338
2113 2 2 1 20 1040 1387 667
2114 2 2 1 20 912 1565 1319
2115 2 2 1 20 982 1669 1084
2116 2 2 1 20 1341 1386 588
2117 2 2 1 20 715 1399 713
2118 2 2 1 20 717 1399 741
2119 2 2 1 20 1006 1691 885
2120 2 2 1 20 1542 1733 1001
2121 2 2 1 20 606 1688 1061
2122 2 2 1 20 500 1572 1401
2123 2 2 1 20 724 1405 1070
2124 2 2 1 20 1316 1317 453
2125 2 2 1 20 803 1072 806
2126 2 2 1 20 899 900 898
2127 2 2 1 20 1616 1655 916
2128 2 2 1 20 968 995 858
2129 2 2 1 20 779 1408 671
2130 2 2 1 20 777 1653 1559
2131 2 2 1 20 1079 1393 1078
2132 2 2 1 20 961 1640 1579
2133 2 2 1 20 1348 1539 852
2134 2 2 1 20 1051 1716 1524
2135 2 2 1 20 698 1409 683
2136 2 2 1 20 1362 1442 897
2137 2 2 1 20 1505 1704 1389
2138 2 2 1 20 951 1691 1006
2139 2 2 1 20 626 1428 627
2140 2 2 1 20 864 867 866
2141 2 2 1 20 865 1720 860
2142 2 2 1 20 1388 1661 1294
2143 2 2 1 20 1368 1619 811
2144 2 2 1 20 1017 1018 1015
2145 2 2 1 20 881 1395 1005
2146 2 2 1 20 1131 1429 715
2147 2 2 1 20 832 961 915
2148 2 2 1 20 736 1430 1098
2149 2 2 1 20 623 1361 626
2150 2 2 1 20 914 1553 1356
2151 2 2 1 20 510 1650 966
2152 2 2 1 20 597 1367 599
2153 2 2 1 20 873 1398 989
2154 2 2 1 20 923 1588 1097
2155 2 2 1 20 1054 1729 1665
2156 2 2 1 20 562 1377 563
2157 2 2 1 20 519 1539 1348
2158 2 2 1 20 161 840 160
2159 2 2 1 20 133 963 132
2160 2 2 1 20 45 827 44
2161 2 2 1 20 141 478 140
2162 2 2 1 20 99 493 98
2163 2 2 1 20 109 450 108
2164 2 2 1 20 124 446 123
2165 2 2 1 20 130 477 129
2166 2 2 1 20 23 522 22
2167 2 2 1 20 105 441 104
2168 2 2 1 20 120 439 119
2169 2 2 1 20 121 518 120
2170 2 2 1 20 89 440 88
2171 2 2 1 20 140 511 139
2172 2 2 1 20 137 419 136
2173 2 2 1 20 80 438 79
2174 2 2 1 20 108 513 107
2175 2 2 1 20 117 824 116
2176 2 2 1 20 127 531 126
2177 2 2 1 20 129 531 128
2178 2 2 1 20 157 466 156
2179 2 2 1 20 27 517 26
2180 2 2 1 20 146 420 145
2181 2 2 1 20 42 830 41
2182 2 2 1 20 50 423 49
2183 2 2 1 20 86 834 85
2184 2 2 1 20 56 435 55
2185 2 2 1 20 64 445 63
2186 2 2 1 20 70 442 69
2187 2 2 1 20 76 492 75
2188 2 2 1 20 82 489 81
2189 2 2 1 20 152 447 151
2190 2 2 1 20 151 509 150
2191 2 2 1 20 18 455 17
2192 2 2 1 20 33 443 32
2193 2 2 1 20 118 439 117
2194 2 2 1 20 126 446 125
2195 2 2 1 20 91 491 90
2196 2 2 1 20 101 838 100
2197 2 2 1 20 113 490 112
2198 2 2 1 20 13 471 12
2199 2 2 1 20 54 435 53
2200 2 2 1 20 61 480 60
2201 2 2 1 20 53 520 52
2202 2 2 1 20 34 515 33
2203 2 2 1 20 24 437 23
2204 2 2 1 20 69 524 68
2205 2 2 1 20 74 492 73
2206 2 2 1 20 84 489 83
2207 2 2 1 20 26 437 25
2208 2 2 1 20 95 449 94
2209 2 2 1 20 106 513 105
2210 2 2 1 20 78 438 77
2211 2 2 1 20 31 443 30
2212 2 2 1 20 72 442 71
2213 2 2 1 20 66 445 65
2214 2 2 1 20 15 471 14
2215 2 2 1 20 20 455 19
2216 2 2 1 20 138 511 137
2217 2 2 1 20 38 444 37
2218 2 2 1 20 93 491 92
2219 2 2 1 20 97 823 96
2220 2 2 1 20 103 838 102
2221 2 2 1 20 115 490 114
2222 2 2 1 20 111 450 110
2223 2 2 1 20 123 518 122
2224 2 2 1 20 132 477 131
2225 2 2 1 20 143 478 142
2226 2 2 1 20 154 447 153
2227 2 2 1 20 163 470 162
2228 2 2 1 20 135 419 134
2229 2 2 1 20 51 520 50
2230 2 2 1 20 57 965 56
2231 2 2 1 20 59 480 58
2232 2 2 1 20 67 524 66
2233 2 2 1 20 87 440 86
2234 2 2 1 20 40 830 39
2235 2 2 1 20 29 517 28
2236 2 2 1 20 148 420 147
2237 2 2 1 20 43 479 42
2238 2 2 1 20 36 836 35
2239 2 2 1 20 48 423 47
2240 2 2 1 20 21 522 20
2241 2 2 1 20 149 509 148
2242 2 2 1 20 145 964 144
2243 2 2 1 20 47 827 46
2244 2 2 1 20 11 821 10
2245 2 2 1 20 9 486 8
2246 2 2 1 20 159 840 158
2247 2 2 1 20 8 533 7
2248 2 2 1 20 857 858 794
2249 2 2 1 20 1405 1607 879
2250 2 2 1 20 1343 1428 626
2251 2 2 1 20 997 1467 943
2252 2 2 1 20 1412 1682 1410
2253 2 2 1 20 818 1368 776
2254 2 2 1 20 893 1369 1113
2255 2 2 1 20 996 1576 931
2256 2 2 1 20 1462 1671 946
2257 2 2 1 20 1436 1600 1437
2258 2 2 1 20 1491 1606 1404
2259 2 2 1 20 594 1563 592
2260 2 2 1 20 804 954 802
2261 2 2 1 20 1062 1608 1061
2262 2 2 1 20 1568 1569 1020
2263 2 2 1 20 818 1658 1002
2264 2 2 1 20 766 1567 861
2265 2 2 1 20 764 1567 763
2266 2 2 1 20 395 855 394
2267 2 2 1 20 409 483 408
2268 2 2 1 20 397 451 396
2269 2 2 1 20 401 847 400
2270 2 2 1 20 404 481 403
2271 2 2 1 20 399 451 398
2272 2 2 1 20 402 481 401
2273 2 2 1 20 392 465 391
2274 2 2 1 20 407 483 406
2275 2 2 1 20 387 473 386
2276 2 2 1 20 389 473 388
2277 2 2 1 20 394 465 393
2278 2 2 1 20 416 559 415
2279 2 2 1 20 411 506 410
2280 2 2 1 20 413 506 412
2281 2 2 1 20 414 559 413
2282 2 2 1 20 667 1387 1073
2283 2 2 1 20 1225 1568 1239
2284 2 2 1 20 1365 1366 1364
2285 2 2 1 20 875 1379 1066
2286 2 2 1 20 1259 1632 526
2287 2 2 1 20 896 1580 733
2288 2 2 1 20 918 1009 782
2289 2 2 1 20 1529 1730 1671
2290 2 2 1 20 1260 1575 1261
2291 2 2 1 20 1247 1575 1248
2292 2 2 1 20 719 1711 727
2293 2 2 1 20 720 1711 719
2294 2 2 1 20 777 1577 775
2295 2 2 1 20 815 983 813
2296 2 2 1 20 1008 1655 917
2297 2 2 1 20 1236 1574 1220
2298 2 2 1 20 589 1386 665
2299 2 2 1 20 1218 1583 1247
2300 2 2 1 20 1287 1637 467
2301 2 2 1 20 1296 1388 1295
2302 2 2 1 20 1349 1609 1274
2303 2 2 1 20 1366 1633 1589
2304 2 2 1 20 496 1516 1515
2305 2 2 1 20 1300 1587 1305
2306 2 2 1 20 1249 1587 1306
2307 2 2 1 20 564 1618 561
2308 2 2 1 20 1097 1588 761
2309 2 2 1 20 912 1706 719
2310 2 2 1 20 904 909 906
2311 2 2 1 20 1290 1592 1283
2312 2 2 1 20 1279 1592 1238
2313 2 2 1 20 1326 1646 1325
2314 2 2 1 20 472 1696 1381
2315 2 2 1 20 1386 1394 665
2316 2 2 1 20 1391 1695 1439
2317 2 2 1 20 677 1393 600
2318 2 2 1 20 925 1596 876
2319 2 2 1 20 665 1394 1077
2320 2 2 1 20 922 1619 1368
2321 2 2 1 20 422 1475 1474
2322 2 2 1 20 1585 1589 1029
2323 2 2 1 20 1430 1677 843
2324 2 2 1 20 1395 1610 441
2325 2 2 1 20 924 1607 769
2326 2 2 1 20 606 1608 607
2327 2 2 1 20 1032 1707 1068
2328 2 2 1 20 913 1661 1388
2329 2 2 1 20 1031 1609 1349
2330 2 2 1 20 1022 1326 1325
2331 2 2 1 20 1517 1518 1516
2332 2 2 1 20 1392 1695 1390
2333 2 2 1 20 1240 1723 1349
2334 2 2 1 20 900 903 902
2335 2 2 1 20 563 564 561
2336 2 2 1 20 1055 1564 1513
2337 2 2 1 20 1012 1697 1028
2338 2 2 1 20 741 1623 734
2339 2 2 1 20 1010 1591 663
2340 2 2 1 20 1004 1593 950
2341 2 2 1 20 713 1399 717
2342 2 2 1 20 480 1621 986
2343 2 2 1 20 1021 1028 1027
2344 2 2 1 20 1663 1713 1019
2345 2 2 1 20 1030 1032 1018
2346 2 2 1 20 1475 1484 556
2347 2 2 1 20 722 1640 808
2348 2 2 1 20 1401 1572 1402
2349 2 2 1 20 756 1647 888
2350 2 2 1 20 1489 1606 507
2351 2 2 1 20 1058 1522 1521
2352 2 2 1 20 786 882 854
2353 2 2 1 20 888 1653 1138
2354 2 2 1 20 939 1654 1079
2355 2 2 1 20 1003 1605 970
2356 2 2 1 20 1251 1657 1279
2357 2 2 1 20 212 1666 3
2358 2 2 1 20 1075 1405 724
2359 2 2 1 20 3 1666 211
2360 2 2 1 20 1108 1660 1107
2361 2 2 1 20 1349 1723 1031
2362 2 2 1 20 202 1611 467
2363 2 2 1 20 529 1611 203
2364 2 2 1 20 1009 1408 782
2365 2 2 1 20 1023 1663 1019
2366 2 2 1 20 739 1733 1144
2367 2 2 1 20 919 1672 932
2368 2 2 1 20 844 1430 843
2369 2 2 1 20 661 1701 1066
2370 2 2 1 20 872 875 874
2371 2 2 1 20 890 1705 1102
2372 2 2 1 20 615 1701 661
2373 2 2 1 20 200 1637 530
2374 2 2 1 20 467 1637 201
2375 2 2 1 20 1366 1589 1378
2376 2 2 1 20 927 951 749
2377 2 2 1 20 782 1408 779
2378 2 2 1 20 1407 1675 1501
2379 2 2 1 20 1022 1431 1326
2380 2 2 1 20 1553 1731 1493
2381 2 2 1 20 899 1708 1062
2382 2 2 1 20 1331 1666 751
2383 2 2 1 20 1237 1609 1569
2384 2 2 1 20 450 514 513
2385 2 2 1 20 437 523 522
2386 2 2 1 20 442 525 524
2387 2 2 1 20 515 516 443
2388 2 2 1 20 446 519 518
2389 2 2 1 20 479 921 830
2390 2 2 1 20 477 558 531
2391 2 2 1 20 423 1002 827
2392 2 2 1 20 435 521 520
2393 2 2 1 20 511 512 419
2394 2 2 1 20 509 510 420
2395 2 2 1 20 821 1008 486
2396 2 2 1 20 1579 1580 915
2397 2 2 1 20 927 1561 951
2398 2 2 1 20 209 1617 526
2399 2 2 1 20 6 1717 5
2400 2 2 1 20 1393 1629 1078
2401 2 2 1 20 1062 1708 1608
2402 2 2 1 20 952 1692 783
2403 2 2 1 20 496 1515 1514
2404 2 2 1 20 996 1627 1576
2405 2 2 1 20 1464 1671 502
2406 2 2 1 20 1318 1357 1319
2407 2 2 1 20 1346 1377 562
2408 2 2 1 20 559 917 506
2409 2 2 1 20 627 1428 669
2410 2 2 1 20 878 899 898
2411 2 2 1 20 559 1615 917
2412 2 2 1 20 1008 1615 486
2413 2 2 1 20 855 1668 844
2414 2 2 1 20 669 1432 1072
2415 2 2 1 20 1325 1370 1023
2416 2 2 1 20 1064 1659 971
2417 2 2 1 20 930 983 815
2418 2 2 1 20 422 1474 1473
2419 2 2 1 20 1237 1569 1568
2420 2 2 1 20 820 863 860
2421 2 2 1 20 1428 1432 669
2422 2 2 1 20 1017 1030 1018
2423 2 2 1 20 809 1429 1131
2424 2 2 1 20 516 833 443
2425 2 2 1 20 1522 1531 540
2426 2 2 1 20 959 1430 736
2427 2 2 1 20 1521 1522 540
2428 2 2 1 20 1650 1724 966
2429 2 2 1 20 1410 1411 949
2430 2 2 1 20 749 1409 698
2431 2 2 1 20 1097 1668 923
2432 2 2 1 20 1604 1723 1243
2433 2 2 1 20 1548 1694 972
2434 2 2 1 20 915 1685 438
2435 2 2 1 20 1578 1644 1412
2436 2 2 1 20 526 1632 208
2437 2 2 1 20 994 1488 993
2438 2 2 1 20 1334 1583 529
2439 2 2 1 20 893 1619 1369
2440 2 2 1 20 1296 1396 1388
2441 2 2 1 20 1473 1474 1470
2442 2 2 1 20 945 1681 1397
2443 2 2 1 20 998 1737 941
2444 2 2 1 20 949 954 804
2445 2 2 1 20 1514 1515 1496
2446 2 2 1 20 534 1740 1403
2447 2 2 1 20 1039 1566 957
2448 2 2 1 20 764 1672 1567
2449 2 2 1 20 163 560 470
2450 2 2 1 20 852 1539 558
2451 2 2 1 20 922 1540 521
2452 2 2 1 20 438 1685 835
2453 2 2 1 20 739 1722 1001
2454 2 2 1 20 972 1694 785
2455 2 2 1 20 971 1594 797
2456 2 2 1 20 477 963 752
2457 2 2 1 20 755 964 420
2458 2 2 1 20 435 965 754
2459 2 2 1 20 728 1599 1375
2460 2 2 1 20 1559 1577 777
2461 2 2 1 20 677 1629 1393
2462 2 2 1 20 1106 1688 606
2463 2 2 1 20 1404 1572 1523
2464 2 2 1 20 1518 1726 1516
2465 2 2 1 20 860 1720 859
2466 2 2 1 20 752 1719 1059
2467 2 2 1 20 1046 1551 942
2468 2 2 1 20 1354 1415 452
2469 2 2 1 20 556 1627 1475
2470 2 2 1 20 536 1415 1354
2471 2 2 1 20 496 1517 1516
2472 2 2 1 20 1128 1651 896
2473 2 2 1 20 1411 1413 949
2474 2 2 1 20 1075 1607 1405
2475 2 2 1 20 592 1563 690
2476 2 2 1 20 530 1574 1335
2477 2 2 1 20 1444 1747 1055
2478 2 2 1 20 1437 1600 1594
2479 2 2 1 20 1402 1572 1404
2480 2 2 1 20 909 1591 1010
2481 2 2 1 20 1340 1642 532
2482 2 2 1 20 1054 1665 990
2483 2 2 1 20 428 1693 1506
2484 2 2 1 20 1449 1734 1447
2485 2 2 1 20 763 1567 766
2486 2 2 1 20 1237 1568 1225
2487 2 2 1 20 1454 1602 1455
2488 2 2 1 20 1220 1574 1288
2489 2 2 1 20 1603 1604 1243
2490 2 2 1 20 924 1678 1607
2491 2 2 1 20 930 1649 1055
2492 2 2 1 20 523 1542 522
2493 2 2 1 20 422 1484 1475
2494 2 2 1 20 874 1686 873
2495 2 2 1 20 525 1560 524
2496 2 2 1 20 1455 1602 944
2497 2 2 1 20 917 1615 1008
2498 2 2 1 20 497 1564 1504
2499 2 2 1 20 1028 1585 1029
2500 2 2 1 20 1248 1575 1260
2501 2 2 1 20 1344 1380 1027
2502 2 2 1 20 775 1577 818
2503 2 2 1 20 525 1651 1128
2504 2 2 1 20 733 1579 723
2505 2 2 1 20 951 1409 749
2506 2 2 1 20 1347 1363 1346
2507 2 2 1 20 913 1396 1319
2508 2 2 1 20 441 1610 838
2509 2 2 1 20 834 1397 489
2510 2 2 1 20 1004 1598 1516
2511 2 2 1 20 1463 1595 427
2512 2 2 1 20 1007 1650 447
2513 2 2 1 20 1378 1585 721
2514 2 2 1 20 180 494 179
2515 2 2 1 20 184 1422 183
2516 2 2 1 20 176 1421 175
2517 2 2 1 20 188 1419 187
2518 2 2 1 20 195 1424 194
2519 2 2 1 20 172 1417 171
2520 2 2 1 20 192 452 191
2521 2 2 1 20 191 1415 190
2522 2 2 1 20 173 851 172
2523 2 2 1 20 187 456 186
2524 2 2 1 20 196 1426 195
2525 2 2 1 20 177 495 176
2526 2 2 1 20 183 472 182
2527 2 2 1 20 179 1414 178
2528 2 2 1 20 185 537 184
2529 2 2 1 20 175 538 174
2530 2 2 1 20 194 535 193
2531 2 2 1 20 189 1425 188
2532 2 2 1 20 190 536 189
2533 2 2 1 20 193 1416 192
2534 2 2 1 20 174 1423 173
2535 2 2 1 20 197 454 196
2536 2 2 1 20 186 1418 185
2537 2 2 1 20 178 1420 177
2538 2 2 1 20 462 1544 1543
2539 2 2 1 20 1503 1504 929
2540 2 2 1 20 1289 1583 1218
2541 2 2 1 20 991 1614 1522
2542 2 2 1 20 460 1674 1532
2543 2 2 1 20 1239 1586 1360
2544 2 2 1 20 493 1610 953
2545 2 2 1 20 197 1427 454
2546 2 2 1 20 1427 1612 454
2547 2 2 1 20 918 1630 1009
2548 2 2 1 20 1306 1587 1300
2549 2 2 1 20 476 1656 1550
2550 2 2 1 20 761 1588 760
2551 2 2 1 20 956 1486 1355
2552 2 2 1 20 1331 1617 210
2553 2 2 1 20 1472 1473 1470
2554 2 2 1 20 1060 1591 909
2555 2 2 1 20 1580 1685 915
2556 2 2 1 20 1024 1713 1663
2557 2 2 1 20 1238 1592 1290
2558 2 2 1 20 461 1527 1526
2559 2 2 1 20 207 1632 1261
2560 2 2 1 20 942 1656 1044
2561 2 2 1 20 1049 1561 927
2562 2 2 1 20 1504 1541 497
2563 2 2 1 20 757 1724 1007
2564 2 2 1 20 841 1669 982
2565 2 2 1 20 1435 1545 434
2566 2 2 1 20 1363 1364 1346
2567 2 2 1 20 719 1706 700
2568 2 2 1 20 854 1670 853
2569 2 2 1 20 845 846 484
2570 2 2 1 20 1060 1688 1591
2571 2 2 1 20 540 1530 1521
2572 2 2 1 20 1078 1629 940
2573 2 2 1 20 1050 1736 478
2574 2 2 1 20 1521 1530 469
2575 2 2 1 20 1548 1693 952
2576 2 2 1 20 1562 1635 1039
2577 2 2 1 20 1019 1636 1017
2578 2 2 1 20 1579 1640 723
2579 2 2 1 20 425 1459 1458
2580 2 2 1 20 958 1562 1039
2581 2 2 1 20 881 1610 1395
2582 2 2 1 20 816 1699 931
2583 2 2 1 20 1029 1381 1344
2584 2 2 1 20 427 1558 1463
2585 2 2 1 20 1490 1739 534
2586 2 2 1 20 455 1542 831
2587 2 2 1 20 721 1697 1011
2588 2 2 1 20 594 1654 1563
2589 2 2 1 20 1244 1603 1243
2590 2 2 1 20 1497 1514 1496
2591 2 2 1 20 235 1500 234
2592 2 2 1 20 355 1502 354
2593 2 2 1 20 282 550 281
2594 2 2 1 20 308 1494 307
2595 2 2 1 20 329 551 328
2596 2 2 1 20 261 1492 260
2597 2 2 1 20 376 1489 375
2598 2 2 1 20 256 1507 255
2599 2 2 1 20 334 549 333
2600 2 2 1 20 287 504 286
2601 2 2 1 20 303 1510 302
2602 2 2 1 20 240 1511 239
2603 2 2 1 20 350 1483 349
2604 2 2 1 20 360 448 359
2605 2 2 1 20 277 552 276
2606 2 2 1 20 313 1517 312
2607 2 2 1 20 266 553 265
2608 2 2 1 20 324 554 323
2609 2 2 1 20 371 1519 370
2610 2 2 1 20 339 547 338
2611 2 2 1 20 251 548 250
2612 2 2 1 20 292 555 291
2613 2 2 1 20 298 1524 297
2614 2 2 1 20 345 1472 344
2615 2 2 1 20 245 1476 244
2616 2 2 1 20 365 457 364
2617 2 2 1 20 272 502 271
2618 2 2 1 20 318 501 317
2619 2 2 1 20 271 1461 270
2620 2 2 1 20 560 561 470
2621 2 2 1 20 366 1531 365
2622 2 2 1 20 246 546 245
2623 2 2 1 20 344 505 343
2624 2 2 1 20 297 557 296
2625 2 2 1 20 293 1456 292
2626 2 2 1 20 340 1453 339
2627 2 2 1 20 250 1454 249
2628 2 2 1 20 370 1520 369
2629 2 2 1 20 323 1446 322
2630 2 2 1 20 267 1448 266
2631 2 2 1 20 1050 1678 924
2632 2 2 1 20 755 1678 1050
2633 2 2 1 20 276 1534 275
2634 2 2 1 20 314 1518 313
2635 2 2 1 20 985 1748 704
2636 2 2 1 20 445 1560 828
2637 2 2 1 20 229 488 228
2638 2 2 1 20 361 1445 360
2639 2 2 1 20 241 545 240
2640 2 2 1 20 349 556 348
2641 2 2 1 20 288 1440 287
2642 2 2 1 20 302 544 301
2643 2 2 1 20 335 1439 334
2644 2 2 1 20 255 1508 254
2645 2 2 1 20 375 507 374
2646 2 2 1 20 262 543 261
2647 2 2 1 20 328 1438 327
2648 2 2 1 20 281 1433 280
2649 2 2 1 20 309 432 308
2650 2 2 1 20 356 1541 355
2651 2 2 1 20 234 542 233
2652 2 2 1 20 1084 1669 916
2653 2 2 1 20 354 421 353
2654 2 2 1 20 236 499 235
2655 2 2 1 20 430 1533 1471
2656 2 2 1 20 429 1538 1537
2657 2 2 1 20 307 541 306
2658 2 2 1 20 283 1545 282
2659 2 2 1 20 260 428 259
2660 2 2 1 20 330 1436 329
2661 2 2 1 20 208 1632 207
2662 2 2 1 20 377 750 376
2663 2 2 1 20 257 503 256
2664 2 2 1 20 304 458 303
2665 2 2 1 20 286 1441 285
2666 2 2 1 20 239 462 238
2667 2 2 1 20 351 498 350
2668 2 2 1 20 359 1444 358
2669 2 2 1 20 312 496 311
2670 2 2 1 20 278 1550 277
2671 2 2 1 20 1340 1345 1339
2672 2 2 1 20 265 1554 264
2673 2 2 1 20 325 1449 324
2674 2 2 1 20 878 1596 899
2675 2 2 1 20 805 1684 950
2676 2 2 1 20 372 500 371
2677 2 2 1 20 252 1450 251
2678 2 2 1 20 338 1451 337
2679 2 2 1 20 926 1544 1048
2680 2 2 1 20 291 1459 290
2681 2 2 1 20 299 433 298
2682 2 2 1 20 244 461 243
2683 2 2 1 20 346 1473 345
2684 2 2 1 20 769 1607 1075
2685 2 2 1 20 364 1460 363
2686 2 2 1 20 1385 1603 1244
2687 2 2 1 20 273 1464 272
2688 2 2 1 20 317 1465 316
2689 2 2 1 20 607 1608 662
2690 2 2 1 20 270 1558 269
2691 2 2 1 20 367 540 366
2692 2 2 1 20 343 1468 342
2693 2 2 1 20 247 1466 246
2694 2 2 1 20 294 1477 293
2695 2 2 1 20 296 1478 295
2696 2 2 1 20 249 460 248
2697 2 2 1 20 341 430 340
2698 2 2 1 20 369 469 368
2699 2 2 1 20 268 1479 267
2700 2 2 1 20 322 1480 321
2701 2 2 1 20 1274 1609 1237
2702 2 2 1 20 275 426 274
2703 2 2 1 20 315 431 314
2704 2 2 1 20 362 539 361
2705 2 2 1 20 228 1481 227
2706 2 2 1 20 881 1623 1610
2707 2 2 1 20 242 1482 241
2708 2 2 1 20 348 1484 347
2709 2 2 1 20 210 1617 209
2710 2 2 1 20 301 1485 300
2711 2 2 1 20 289 1557 288
2712 2 2 1 20 254 429 253
2713 2 2 1 20 336 459 335
2714 2 2 1 20 374 1491 373
2715 2 2 1 20 263 1552 262
2716 2 2 1 20 327 1556 326
2717 2 2 1 20 280 1549 279
2718 2 2 1 20 310 1497 309
2719 2 2 1 20 357 497 356
2720 2 2 1 20 233 1498 232
2721 2 2 1 20 237 1501 236
2722 2 2 1 20 353 1499 352
2723 2 2 1 20 284 434 283
2724 2 2 1 20 306 1505 305
2725 2 2 1 20 331 463 330
2726 2 2 1 20 259 1506 258
2727 2 2 1 20 1245 1612 1236
2728 2 2 1 20 832 915 438
2729 2 2 1 20 833 941 517
2730 2 2 1 20 826 945 440
2731 2 2 1 20 822 1618 1359
2732 2 2 1 20 1055 1718 930
2733 2 2 1 20 258 1547 257
2734 2 2 1 20 285 1546 284
2735 2 2 1 20 305 1509 304
2736 2 2 1 20 923 1680 1588
2737 2 2 1 20 238 1543 237
2738 2 2 1 20 352 1512 351
2739 2 2 1 20 1411 1682 1480
2740 2 2 1 20 232 436 231
2741 2 2 1 20 358 1513 357
2742 2 2 1 20 1047 1615 559
2743 2 2 1 20 522 1542 455
2744 2 2 1 20 203 1611 202
2745 2 2 1 20 279 476 278
2746 2 2 1 20 311 1514 310
2747 2 2 1 20 264 474 263
2748 2 2 1 20 326 464 325
2749 2 2 1 20 373 1523 372
2750 2 2 1 20 253 1537 252
2751 2 2 1 20 1258 1617 1331
2752 2 2 1 20 300 1525 299
2753 2 2 1 20 290 425 289
2754 2 2 1 20 811 1619 893
2755 2 2 1 20 347 422 346
2756 2 2 1 20 243 1526 242
2757 2 2 1 20 363 1536 362
2758 2 2 1 20 227 1316 226
2759 2 2 1 20 734 1623 881
2760 2 2 1 20 316 1535 315
2761 2 2 1 20 274 1528 273
2762 2 2 1 20 337 1638 336
2763 2 2 1 20 1068 1707 758
2764 2 2 1 20 1424 1426 1370
2765 2 2 1 20 269 427 268
2766 2 2 1 20 321 424 320
2767 2 2 1 20 226 1316 453
2768 2 2 1 20 368 1530 367
2769 2 2 1 20 1490 1606 1489
2770 2 2 1 20 454 1631 1426
2771 2 2 1 20 248 1532 247
2772 2 2 1 20 342 1533 341
2773 2 2 1 20 1365 1420 1414
2774 2 2 1 20 295 475 294
2775 2 2 1 20 1434 1728 1044
2776 2 2 1 20 740 1624 1058
2777 2 2 1 20 1102 1629 677
2778 2 2 1 20 1033 1431 1025
2779 2 2 1 20 1567 1672 999
2780 2 2 1 20 1401 1402 1057
2781 2 2 1 20 1046 1730 1529
2782 2 2 1 20 1435 1728 1434
2783 2 2 1 20 1261 1632 1259
2784 2 2 1 20 1058 1521 1400
2785 2 2 1 20 385 845 484
2786 2 2 1 20 723 1640 722
2787 2 2 1 20 471 1622 981
2788 2 2 1 20 447 1620 1007
2789 2 2 1 20 1001 1722 981
2790 2 2 1 20 1391 1648 895
2791 2 2 1 20 502 1671 1462
2792 2 2 1 20 201 1637 200
2793 2 2 1 20 481 1625 982
2794 2 2 1 20 846 1676 1056
2795 2 2 1 20 1494 1704 541
2796 2 2 1 20 1011 1697 1012
2797 2 2 1 20 960 1737 743
2798 2 2 1 20 743 1737 998
2799 2 2 1 20 181 1634 180
2800 2 2 1 20 998 1647 756
2801 2 2 1 20 1366 1378 1364
2802 2 2 1 20 80 832 438
2803 2 2 1 20 89 826 440
2804 2 2 1 20 29 833 517
2805 2 2 1 20 93 837 491
2806 2 2 1 20 433 1525 1486
2807 2 2 1 20 562 1721 1345
2808 2 2 1 20 980 1720 865
2809 2 2 1 20 494 1634 1633
2810 2 2 1 20 1608 1708 662
2811 2 2 1 20 1411 1447 1413
2812 2 2 1 20 885 1691 886
2813 2 2 1 20 1585 1697 721
2814 2 2 1 20 319 1644 318
2815 2 2 1 20 808 1681 809
2816 2 2 1 20 1486 1525 1485
2817 2 2 1 20 876 1596 878
2818 2 2 1 20 1138 1653 777
2819 2 2 1 20 969 1471 1469
2820 2 2 1 20 1662 1663 1246
2821 2 2 1 20 921 1577 1559
2822 2 2 1 20 1359 1618 564
2823 2 2 1 20 1071 1654 939
2824 2 2 1 20 1562 1706 912
2825 2 2 1 20 916 1655 742
2826 2 2 1 20 959 1677 1430
2827 2 2 1 20 1056 1676 959
2828 2 2 1 20 1252 1657 1251
2829 2 2 1 20 1400 1401 1057
2830 2 2 1 20 231 1645 230
2831 2 2 1 20 982 1680 481
2832 2 2 1 20 1107 1660 614
2833 2 2 1 20 505 1470 1469
2834 2 2 1 20 1294 1661 1313
2835 2 2 1 20 1502 1504 1503
2836 2 2 1 20 550 1435 1434
2837 2 2 1 20 1305 1662 1246
2838 2 2 1 20 1457 1458 555
2839 2 2 1 20 1462 1463 1461
2840 2 2 1 20 432 1496 1495
2841 2 2 1 20 1469 1471 1468
2842 2 2 1 20 733 1580 1579
2843 2 2 1 20 1451 1732 1452
2844 2 2 1 20 1493 1693 428
2845 2 2 1 20 704 1748 703
2846 2 2 1 20 989 1716 1051
2847 2 2 1 20 978 1670 944
2848 2 2 1 20 1390 1391 895
2849 2 2 1 20 751 1666 212
2850 2 2 1 20 1590 1720 980
2851 2 2 1 20 1007 1620 822
2852 2 2 1 20 981 1622 831
2853 2 2 1 20 999 1672 919
2854 2 2 1 20 1660 1701 614
2855 2 2 1 20 982 1625 841
2856 2 2 1 20 1364 1377 1346
2857 2 2 1 20 509 1650 510
2858 2 2 1 20 1455 1674 460
2859 2 2 1 20 1375 1687 728
2860 2 2 1 20 1371 1687 1375
2861 2 2 1 20 1440 1557 1443
2862 2 2 1 20 975 1630 918
2863 2 2 1 20 1671 1730 946
2864 2 2 1 20 505 1472 1470
2865 2 2 1 20 332 1652 331
2866 2 2 1 20 1390 1695 1391
2867 2 2 1 20 1502 1541 1504
2868 2 2 1 20 703 1748 740
2869 2 2 1 20 550 1545 1435
2870 2 2 1 20 879 1678 755
2871 2 2 1 20 1458 1459 555
2872 2 2 1 20 1463 1558 1461
2873 2 2 1 20 1635 1702 1358
2874 2 2 1 20 1550 1656 1551
2875 2 2 1 20 421 1710 1499
2876 2 2 1 20 1283 1687 1371
2877 2 2 1 20 1443 1557 425
2878 2 2 1 20 499 1675 1500
2879 2 2 1 20 450 1664 514
2880 2 2 1 20 923 1668 451
2881 2 2 1 20 432 1497 1496
2882 2 2 1 20 758 1376 720
2883 2 2 1 20 1061 1688 1060
2884 2 2 1 20 614 1701 615
2885 2 2 1 20 1342 1698 439
2886 2 2 1 20 993 1705 890
2887 2 2 1 20 1026 1573 1353
2888 2 2 1 20 662 1708 1108
2889 2 2 1 20 1360 1713 1249
2890 2 2 1 20 1404 1606 1403
2891 2 2 1 20 742 1722 739
2892 2 2 1 20 1374 1599 1252
2893 2 2 1 20 1243 1723 1240
2894 2 2 1 20 1144 1733 1142
2895 2 2 1 20 1610 1623 953
2896 2 2 1 20 1316 1318 1317
2897 2 2 1 20 1054 1747 1742
2898 2 2 1 20 1607 1678 879
2899 2 2 1 20 1471 1533 1468
2900 2 2 1 20 880 1601 1474
2901 2 2 1 20 557 1716 1478
2902 2 2 1 20 931 1699 996
2903 2 2 1 20 952 1694 1548
2904 2 2 1 20 1663 1683 1246
2905 2 2 1 20 850 1413 1064
2906 2 2 1 20 1413 1447 1064
2907 2 2 1 20 1339 1642 1340
2908 2 2 1 20 1313 1661 1565
2909 2 2 1 20 1565 1661 913
2910 2 2 1 20 320 1673 319
2911 2 2 1 20 230 1679 229
2912 2 2 1 20 819 1598 1004
2913 2 2 1 20 1555 1749 1356
2914 2 2 1 20 1448 1715 553
2915 2 2 1 20 838 1610 493
2916 2 2 1 20 1364 1378 1377
2917 2 2 1 20 950 1684 1004
2918 2 2 1 20 1516 1598 1515
2919 2 2 1 20 1563 1654 1071
2920 2 2 1 20 728 1657 1599
2921 2 2 1 20 1381 1696 1344
2922 2 2 1 20 452 1415 191
2923 2 2 1 20 851 1417 172
2924 2 2 1 20 187 1419 456
2925 2 2 1 20 195 1426 1424
2926 2 2 1 20 495 1421 176
2927 2 2 1 20 183 1422 472
2928 2 2 1 20 494 1414 179
2929 2 2 1 20 537 1422 184
2930 2 2 1 20 175 1421 538
2931 2 2 1 20 194 1424 535
2932 2 2 1 20 188 1425 1419
2933 2 2 1 20 192 1416 452
2934 2 2 1 20 190 1415 536
2935 2 2 1 20 173 1423 851
2936 2 2 1 20 456 1418 186
2937 2 2 1 20 454 1426 196
2938 2 2 1 20 177 1420 495
2939 2 2 1 20 536 1425 189
2940 2 2 1 20 535 1416 193
2941 2 2 1 20 538 1423 174
2942 2 2 1 20 185 1418 537
2943 2 2 1 20 1414 1420 178
2944 2 2 1 20 1360 1636 1019
2945 2 2 1 20 1487 1643 979
2946 2 2 1 20 1319 1396 1317
2947 2 2 1 20 533 1615 1047
2948 2 2 1 20 1471 1641 430
2949 2 2 1 20 1030 1604 1603
2950 2 2 1 20 1398 1613 989
2951 2 2 1 20 182 1690 181
2952 2 2 1 20 1474 1601 1470
2953 2 2 1 20 1452 1638 1451
2954 2 2 1 20 1594 1600 928
2955 2 2 1 20 1627 1628 1475
2956 2 2 1 20 459 1638 1452
2957 2 2 1 20 457 1614 1460
2958 2 2 1 20 1452 1648 1391
2959 2 2 1 20 512 1719 419
2960 2 2 1 20 720 1376 1372
2961 2 2 1 20 1407 1544 926
2962 2 2 1 20 1635 1738 1039
2963 2 2 1 20 1571 1604 1030
2964 2 2 1 20 1357 1702 912
2965 2 2 1 20 333 1703 332
2966 2 2 1 20 1495 1704 1494
2967 2 2 1 20 511 1736 512
2968 2 2 1 20 1576 1710 931
2969 2 2 1 20 1612 1631 454
2970 2 2 1 20 853 1670 978
2971 2 2 1 20 465 844 843
2972 2 2 1 20 180 1634 494
2973 2 2 1 20 1496 1590 1495
2974 2 2 1 20 1515 1598 859
2975 2 2 1 20 845 1676 846
2976 2 2 1 20 492 1685 977
2977 2 2 1 20 1044 1728 901
2978 2 2 1 20 1633 1634 1382
2979 2 2 1 20 1389 1509 1505
2980 2 2 1 20 170 1584 169
2981 2 2 1 20 1007 1724 1650
2982 2 2 1 20 921 1658 1577
2983 2 2 1 20 967 1715 1595
2984 2 2 1 20 1417 1745 171
2985 2 2 1 20 1389 1704 980
2986 2 2 1 20 914 1731 1553
2987 2 2 1 20 1577 1658 818
2988 2 2 1 20 916 1669 1616
2989 2 2 1 20 493 953 823
2990 2 2 1 20 492 977 829
2991 2 2 1 20 444 911 836
2992 2 2 1 20 824 825 490
2993 2 2 1 20 847 923 451
2994 2 2 1 20 1467 1674 943
2995 2 2 1 20 1419 1573 456
2996 2 2 1 20 1029 1589 1381
2997 2 2 1 20 472 1690 182
2998 2 2 1 20 991 1624 985
2999 2 2 1 20 962 1728 1435
3000 2 2 1 20 979 1643 1389
3001 2 2 1 20 1426 1631 1370
3002 2 2 1 20 856 1648 1003
3003 2 2 1 20 1503 1710 421
3004 2 2 1 20 1564 1649 1504
3005 2 2 1 20 502 1461 271
3006 2 2 1 20 365 1531 457
3007 2 2 1 20 344 1472 505
3008 2 2 1 20 546 1476 245
3009 2 2 1 20 297 1524 557
3010 2 2 1 20 292 1456 555
3011 2 2 1 20 548 1454 250
3012 2 2 1 20 339 1453 547
3013 2 2 1 20 1519 1520 370
3014 2 2 1 20 554 1446 323
3015 2 2 1 20 266 1448 553
3016 2 2 1 20 313 1518 1517
3017 2 2 1 20 552 1534 276
3018 2 2 1 20 360 1445 448
3019 2 2 1 20 545 1511 240
3020 2 2 1 20 349 1483 556
3021 2 2 1 20 302 1510 544
3022 2 2 1 20 287 1440 504
3023 2 2 1 20 334 1439 549
3024 2 2 1 20 1507 1508 255
3025 2 2 1 20 375 1489 507
3026 2 2 1 20 551 1438 328
3027 2 2 1 20 543 1492 261
3028 2 2 1 20 550 1433 281
3029 2 2 1 20 432 1494 308
3030 2 2 1 20 355 1541 1502
3031 2 2 1 20 234 1500 542
3032 2 2 1 20 499 1500 235
3033 2 2 1 20 354 1502 421
3034 2 2 1 20 282 1545 550
3035 2 2 1 20 307 1494 541
3036 2 2 1 20 260 1492 428
3037 2 2 1 20 329 1436 551
3038 2 2 1 20 750 1489 376
3039 2 2 1 20 1055 1747 1718
3040 2 2 1 20 503 1507 256
3041 2 2 1 20 504 1441 286
3042 2 2 1 20 458 1510 303
3043 2 2 1 20 498 1483 350
3044 2 2 1 20 239 1511 462
3045 2 2 1 20 448 1444 359
3046 2 2 1 20 312 1517 496
3047 2 2 1 20 277 1550 552
3048 2 2 1 20 740 1748 1624
3049 2 2 1 20 553 1554 265
3050 2 2 1 20 324 1449 554
3051 2 2 1 20 1500 1675 1566
3052 2 2 1 20 500 1519 371
3053 2 2 1 20 251 1450 548
3054 2 2 1 20 547 1451 338
3055 2 2 1 20 1599 1657 1252
3056 2 2 1 20 433 1524 298
3057 2 2 1 20 555 1459 291
3058 2 2 1 20 809 1681 1582
3059 2 2 1 20 244 1476 461
3060 2 2 1 20 345 1473 1472
3061 2 2 1 20 457 1460 364
3062 2 2 1 20 272 1464 502
3063 2 2 1 20 501 1465 317
3064 2 2 1 20 2 1745 170
3065 2 2 1 20 1461 1558 270
3066 2 2 1 20 540 1531 366
3067 2 2 1 20 505 1468 343
3068 2 2 1 20 246 1466 546
3069 2 2 1 20 557 1478 296
3070 2 2 1 20 293 1477 1456
3071 2 2 1 20 430 1453 340
3072 2 2 1 20 249 1454 460
3073 2 2 1 20 369 1520 469
3074 2 2 1 20 848 1628 996
3075 2 2 1 20 1478 1716 1613
3076 2 2 1 20 1446 1480 322
3077 2 2 1 20 267 1479 1448
3078 2 2 1 20 275 1534 426
3079 2 2 1 20 431 1518 314
3080 2 2 1 20 1718 1747 1054
3081 2 2 1 20 1616 1669 841
3082 2 2 1 20 539 1445 361
3083 2 2 1 20 488 1481 228
3084 2 2 1 20 241 1482 545
3085 2 2 1 20 556 1484 348
3086 2 2 1 20 544 1485 301
3087 2 2 1 20 288 1557 1440
3088 2 2 1 20 459 1439 335
3089 2 2 1 20 254 1508 429
3090 2 2 1 20 538 1639 1423
3091 2 2 1 20 507 1491 374
3092 2 2 1 20 1438 1556 327
3093 2 2 1 20 262 1552 543
3094 2 2 1 20 1433 1549 280
3095 2 2 1 20 309 1497 432
3096 2 2 1 20 497 1541 356
3097 2 2 1 20 542 1498 233
3098 2 2 1 20 421 1499 353
3099 2 2 1 20 236 1501 499
3100 2 2 1 20 541 1505 306
3101 2 2 1 20 434 1545 283
3102 2 2 1 20 171 1745 2
3103 2 2 1 20 463 1436 330
3104 2 2 1 20 428 1506 259
3105 2 2 1 20 257 1547 503
3106 2 2 1 20 1441 1546 285
3107 2 2 1 20 304 1509 458
3108 2 2 1 20 847 1680 923
3109 2 2 1 20 977 1685 1580
3110 2 2 1 20 318 1644 501
3111 2 2 1 20 462 1543 238
3112 2 2 1 20 351 1512 498
3113 2 2 1 20 1444 1513 358
3114 2 2 1 20 496 1514 311
3115 2 2 1 20 476 1550 278
3116 2 2 1 20 464 1449 325
3117 2 2 1 20 264 1554 474
3118 2 2 1 20 372 1523 500
3119 2 2 1 20 252 1537 1450
3120 2 2 1 20 290 1459 425
3121 2 2 1 20 299 1525 433
3122 2 2 1 20 1451 1638 337
3123 2 2 1 20 1504 1649 929
3124 2 2 1 20 422 1473 346
3125 2 2 1 20 461 1526 243
3126 2 2 1 20 1460 1536 363
3127 2 2 1 20 553 1715 1555
3128 2 2 1 20 1465 1535 316
3129 2 2 1 20 273 1528 1464
3130 2 2 1 20 269 1558 427
3131 2 2 1 20 367 1530 540
3132 2 2 1 20 1506 1547 258
3133 2 2 1 20 1505 1509 305
3134 2 2 1 20 284 1546 434
3135 2 2 1 20 1499 1512 352
3136 2 2 1 20 237 1543 1501
3137 2 2 1 20 357 1513 497
3138 2 2 1 20 232 1498 436
3139 2 2 1 20 310 1514 1497
3140 2 2 1 20 279 1549 476
3141 2 2 1 20 474 1552 263
3142 2 2 1 20 326 1556 464
3143 2 2 1 20 1491 1523 373
3144 2 2 1 20 429 1537 253
3145 2 2 1 20 425 1557 289
3146 2 2 1 20 1485 1525 300
3147 2 2 1 20 347 1484 422
3148 2 2 1 20 242 1526 1482
3149 2 2 1 20 247 1532 1466
3150 2 2 1 20 1468 1533 342
3151 2 2 1 20 227 1481 1316
3152 2 2 1 20 362 1536 539
3153 2 2 1 20 905 1730 1046
3154 2 2 1 20 426 1528 274
3155 2 2 1 20 315 1535 431
3156 2 2 1 20 427 1479 268
3157 2 2 1 20 321 1480 424
3158 2 2 1 20 469 1530 368
3159 2 2 1 20 460 1532 248
3160 2 2 1 20 341 1533 430
3161 2 2 1 20 336 1638 459
3162 2 2 1 20 475 1477 294
3163 2 2 1 20 295 1478 475
3164 2 2 1 20 1516 1726 1004
3165 2 2 1 20 1353 1573 1419
3166 2 2 1 20 379 1597 378
3167 2 2 1 20 1003 1732 1605
3168 2 2 1 20 1376 1707 910
3169 2 2 1 20 1551 1656 942
3170 2 2 1 20 181 1690 1634
3171 2 2 1 20 912 1702 1562
3172 2 2 1 20 1356 1749 907
3173 2 2 1 20 229 1679 488
3174 2 2 1 20 436 1645 231
3175 2 2 1 20 957 1675 1407
3176 2 2 1 20 824 1698 825
3177 2 2 1 20 535 1646 1416
3178 2 2 1 20 1513 1564 497
3179 2 2 1 20 426 1529 1528
3180 2 2 1 20 1535 1593 431
3181 2 2 1 20 427 1595 1479
3182 2 2 1 20 1478 1613 475
3183 2 2 1 20 1523 1572 500
3184 2 2 1 20 1512 1576 498
3185 2 2 1 20 1547 1548 503
3186 2 2 1 20 1438 1659 1556
3187 2 2 1 20 1552 1553 543
3188 2 2 1 20 1454 1455 460
3189 2 2 1 20 1017 1636 1581
3190 2 2 1 20 505 1469 1468
3191 2 2 1 20 1466 1467 546
3192 2 2 1 20 549 1703 333
3193 2 2 1 20 553 1555 1554
3194 2 2 1 20 1550 1551 552
3195 2 2 1 20 377 1744 750
3196 2 2 1 20 504 1442 1441
3197 2 2 1 20 750 1490 1489
3198 2 2 1 20 1436 1437 551
3199 2 2 1 20 1492 1493 428
3200 2 2 1 20 1502 1503 421
3201 2 2 1 20 1500 1566 542
3202 2 2 1 20 432 1495 1494
3203 2 2 1 20 550 1434 1433
3204 2 2 1 20 1483 1627 556
3205 2 2 1 20 1453 1605 547
3206 2 2 1 20 1561 1691 951
3207 2 2 1 20 1456 1457 555
3208 2 2 1 20 502 1462 1461
3209 2 2 1 20 331 1652 463
3210 2 2 1 20 963 1719 752
3211 2 2 1 20 169 532 168
3212 2 2 1 20 4 1744 377
3213 2 2 1 20 1536 1665 539
3214 2 2 1 20 1358 1702 1357
3215 2 2 1 20 424 1673 320
3216 2 2 1 20 483 1616 841
3217 2 2 1 20 487 560 164
3218 2 2 1 20 378 1744 4
3219 2 2 1 20 1645 1679 230
3220 2 2 1 20 319 1673 1644
3221 2 2 1 20 1453 1641 1605
3222 2 2 1 20 1667 1737 960
3223 2 2 1 20 1457 1735 1714
3224 2 2 1 20 1584 1745 1417
3225 2 2 1 20 1582 1681 945
3226 2 2 1 20 1602 1709 978
3227 2 2 1 20 1419 1425 1353
3228 2 2 1 20 1566 1675 957
3229 2 2 1 20 1538 1709 1537
3230 2 2 1 20 1389 1643 1509
3231 2 2 1 20 332 1703 1652
3232 2 2 1 20 1714 1735 1398
3233 2 2 1 20 1605 1641 970
3234 2 2 1 20 466 1618 822
3235 2 2 1 20 845 1677 1676
3236 2 2 1 20 451 1668 855
3237 2 2 1 20 1245 1631 1612
3238 2 2 1 20 843 1677 1626
3239 2 2 1 20 984 1718 1054
3240 2 2 1 20 727 1374 1314
3241 2 2 1 20 840 1618 466
3242 2 2 1 20 1345 1721 1339
3243 2 2 1 20 1313 1565 727
3244 2 2 1 20 1356 1743 1555
3245 2 2 1 20 996 1699 848
3246 2 2 1 20 750 1597 1490
3247 2 2 1 20 1509 1643 458
3248 2 2 1 20 473 1677 845
3249 2 2 1 20 1246 1683 1245
3250 2 2 1 20 170 1745 1584
3251 2 2 1 20 1004 1684 819
3252 2 2 1 20 1452 1732 1003
3253 2 2 1 20 996 1628 1627
3254 2 2 1 20 1318 1319 1317
3255 2 2 1 20 1507 1700 1508
3256 2 2 1 20 1370 1683 1023
3257 2 2 1 20 380 1739 379
3258 2 2 1 20 430 1641 1453
3259 2 2 1 20 1028 1697 1585
3260 2 2 1 20 449 837 94
3261 2 2 1 20 455 831 17
3262 2 2 1 20 491 826 90
3263 2 2 1 20 445 828 63
3264 2 2 1 20 489 832 81
3265 2 2 1 20 443 833 30
3266 2 2 1 20 466 822 156
3267 2 2 1 20 1482 1689 545
3268 2 2 1 20 842 1616 483
3269 2 2 1 20 1480 1682 424
3270 2 2 1 20 958 1706 1562
3271 2 2 1 20 483 841 406
3272 2 2 1 20 465 843 391
3273 2 2 1 20 473 845 386
3274 2 2 1 20 727 1711 1373
3275 2 2 1 20 1422 1696 472
3276 2 2 1 20 1676 1677 959
3277 2 2 1 20 155 1620 154
3278 2 2 1 20 62 1621 61
3279 2 2 1 20 16 1622 15
3280 2 2 1 20 1046 1725 1551
3281 2 2 1 20 390 1626 389
3282 2 2 1 20 405 1625 404
3283 2 2 1 20 988 1727 1686
3284 2 2 1 20 1003 1648 1452
3285 2 2 1 20 1626 1677 473
3286 2 2 1 20 1439 1695 549
3287 2 2 1 20 484 1740 382
3288 2 2 1 20 1447 1734 1064
3289 2 2 1 20 750 1744 1597
3290 2 2 1 20 168 1642 167
3291 2 2 1 20 835 1685 492
3292 2 2 1 20 873 1714 1398
3293 2 2 1 20 487 1712 1339
3294 2 2 1 20 464 1734 1449
3295 2 2 1 20 1457 1727 1458
3296 2 2 1 20 886 1691 1561
3297 2 2 1 20 822 1620 156
3298 2 2 1 20 828 1621 63
3299 2 2 1 20 831 1622 17
3300 2 2 1 20 1316 1481 1318
3301 2 2 1 20 1597 1744 378
3302 2 2 1 20 841 1625 406
3303 2 2 1 20 843 1626 391
3304 2 2 1 20 839 1664 450
3305 2 2 1 20 1692 1731 914
3306 2 2 1 20 1537 1709 1450
3307 2 2 1 20 1562 1702 1635
3308 2 2 1 20 941 1737 1667
3309 2 2 1 20 1715 1749 1555
3310 2 2 1 20 1631 1683 1370
3311 2 2 1 20 1023 1683 1663
3312 2 2 1 20 1634 1690 1382
3313 2 2 1 20 1593 1726 431
3314 2 2 1 20 1339 1721 487
3315 2 2 1 20 1581 1586 1020
3316 2 2 1 20 1373 1711 720
3317 2 2 1 20 1665 1729 539
3318 2 2 1 20 1555 1743 1554
3319 2 2 1 20 1566 1738 542
3320 2 2 1 20 1551 1725 552
3321 2 2 1 20 431 1726 1518
3322 2 2 1 20 552 1725 1534
3323 2 2 1 20 1456 1735 1457
3324 2 2 1 20 547 1732 1451
3325 2 2 1 20 1605 1732 547
3326 2 2 1 20 539 1729 1445
3327 2 2 1 20 1477 1735 1456
3328 2 2 1 20 1458 1727 988
3329 2 2 1 20 542 1738 1498
3330 2 2 1 20 1554 1743 474
3331 2 2 1 20 169 1584 532
3332 2 2 1 20 1686 1714 873
3333 2 2 1 20 545 1741 1511
3334 2 2 1 20 1039 1738 1566
3335 2 2 1 20 1383 1707 1032
3336 2 2 1 20 61 1621 480
3337 2 2 1 20 15 1622 471
3338 2 2 1 20 154 1620 447
3339 2 2 1 20 381 534 380
3340 2 2 1 20 1445 1742 448
3341 2 2 1 20 448 1747 1444
3342 2 2 1 20 404 1625 481
3343 2 2 1 20 389 1626 473
3344 2 2 1 20 1597 1739 1490
3345 2 2 1 20 1714 1727 1457
3346 2 2 1 20 419 1719 963
3347 2 2 1 20 167 1712 166
3348 2 2 1 20 1004 1726 1593
3349 2 2 1 20 967 1749 1715
3350 2 2 1 20 1624 1748 985
3351 2 2 1 20 978 1709 1538
3352 2 2 1 20 1644 1673 1412
3353 2 2 1 20 1358 1679 1645
3354 2 2 1 20 1613 1716 989
3355 2 2 1 20 1689 1741 545
3356 2 2 1 20 1652 1703 1392
3357 2 2 1 20 1245 1683 1631
3358 2 2 1 20 470 840 161
3359 2 2 1 20 471 821 12
3360 2 2 1 20 44 827 479
3361 2 2 1 20 96 823 449
3362 2 2 1 20 10 821 486
3363 2 2 1 20 493 823 98
3364 2 2 1 20 492 829 73
3365 2 2 1 20 490 839 112
3366 2 2 1 20 444 836 37
3367 2 2 1 20 115 824 490
3368 2 2 1 20 76 835 492
3369 2 2 1 20 72 829 442
3370 2 2 1 20 39 830 444
3371 2 2 1 20 84 834 489
3372 2 2 1 20 480 965 58
3373 2 2 1 20 438 835 77
3374 2 2 1 20 143 964 478
3375 2 2 1 20 111 839 450
3376 2 2 1 20 35 836 515
3377 2 2 1 20 100 838 493
3378 2 2 1 20 441 838 103
3379 2 2 1 20 419 963 134
3380 2 2 1 20 158 840 466
3381 2 2 1 20 399 847 451
3382 2 2 1 20 409 842 483
3383 2 2 1 20 451 855 396
3384 2 2 1 20 416 1047 559
3385 2 2 1 20 506 842 410
3386 2 2 1 20 379 1739 1597
3387 2 2 1 20 533 1717 6
3388 2 2 1 20 1729 1742 1445
3389 2 2 1 20 166 487 165
3390 2 2 1 20 1742 1747 448
3391 2 2 1 20 758 1707 1376
3392 2 2 1 20 382 1740 381
3393 2 2 1 20 487 1721 560
3394 2 2 1 20 532 1642 168
3395 2 2 1 20 1686 1727 1714
3396 2 2 1 20 1372 1376 910
3397 2 2 1 20 1054 1742 1729
3398 2 2 1 20 1024 1663 1662
3399 2 2 1 20 1047 1717 533
3400 2 2 1 20 534 1739 380
3401 2 2 1 20 1642 1712 167
3402 2 2 1 20 1586 1636 1360
3403 2 2 1 20 384 484 383
3404 2 2 1 20 1570 1581 1020
3405 2 2 1 20 96 449 95
3406 2 2 1 20 100 493 99
3407 2 2 1 20 104 441 103
3408 2 2 1 20 119 439 118
3409 2 2 1 20 125 446 124
3410 2 2 1 20 107 513 106
3411 2 2 1 20 116 824 115
3412 2 2 1 20 110 450 109
3413 2 2 1 20 122 518 121
3414 2 2 1 20 131 477 130
3415 2 2 1 20 142 478 141
3416 2 2 1 20 73 829 72
3417 2 2 1 20 139 511 138
3418 2 2 1 20 112 839 111
3419 2 2 1 20 128 531 127
3420 2 2 1 20 58 965 57
3421 2 2 1 20 60 480 59
3422 2 2 1 20 68 524 67
3423 2 2 1 20 79 438 78
3424 2 2 1 20 85 834 84
3425 2 2 1 20 35 515 34
3426 2 2 1 20 52 520 51
3427 2 2 1 20 39 444 38
3428 2 2 1 20 55 435 54
3429 2 2 1 20 75 492 74
3430 2 2 1 20 83 489 82
3431 2 2 1 20 22 522 21
3432 2 2 1 20 10 486 9
3433 2 2 1 20 12 821 11
3434 2 2 1 20 14 471 13
3435 2 2 1 20 7 533 6
3436 2 2 1 20 19 455 18
3437 2 2 1 20 28 517 27
3438 2 2 1 20 32 443 31
3439 2 2 1 20 37 836 36
3440 2 2 1 20 44 479 43
3441 2 2 1 20 25 437 24
3442 2 2 1 20 136 419 135
3443 2 2 1 20 147 420 146
3444 2 2 1 20 49 423 48
3445 2 2 1 20 92 491 91
3446 2 2 1 20 98 823 97
3447 2 2 1 20 102 838 101
3448 2 2 1 20 114 490 113
3449 2 2 1 20 134 963 133
3450 2 2 1 20 144 964 143
3451 2 2 1 20 41 830 40
3452 2 2 1 20 46 827 45
3453 2 2 1 20 65 445 64
3454 2 2 1 20 71 442 70
3455 2 2 1 20 77 835 76
3456 2 2 1 20 88 440 87
3457 2 2 1 20 153 447 152
3458 2 2 1 20 158 466 157
3459 2 2 1 20 162 470 161
3460 2 2 1 20 160 840 159
3461 2 2 1 20 150 509 149
3462 2 2 1 20 398 451 397
3463 2 2 1 20 400 847 399
3464 2 2 1 20 403 481 402
3465 2 2 1 20 408 483 407
3466 2 2 1 20 388 473 387
3467 2 2 1 20 393 465 392
3468 2 2 1 20 396 855 395
3469 2 2 1 20 417 1047 416
3470 2 2 1 20 410 842 409
3471 2 2 1 20 412 506 411
3472 2 2 1 20 415 559 414
3473 2 2 1 20 1581 1636 1586
3474 2 2 1 20 1717 1746 5
3475 2 2 1 20 166 1712 487
3476 2 2 1 20 381 1740 534
3477 2 2 1 20 418 1717 417
3478 2 2 1 20 5 1746 1
3479 2 2 1 20 1 1746 418
3480 2 2 1 20 1339 1712 1642
3481 2 2 1 20 417 1717 1047
3482 2 2 1 20 418 1746 1717
3483 2 2 1 20 1531 1614 457
3484 2 2 1 20 1476 1527 461
3485 2 2 1 20 498 1627 1483
3486 2 2 1 20 1440 1442 504
3487 2 2 1 20 543 1493 1492
3488 2 2 1 20 1467 1476 546
3489 2 2 1 20 1437 1438 551
3490 2 2 1 20 1383 1384 910
3491 2 2 1 20 1032 1385 1383
3492 2 2 1 20 1313 1314 1312
3493 2 2 1 20 1371 1375 1373
3494 2 2 1 20 1434 1549 1433
3495 2 2 1 20 1460 1665 1536
3496 2 2 1 20 1465 1593 1535
$EndElements
